technique,score_threshold_rule,truth_threshold_rule,average_score,tp,fp,tn,fn,accuracy,precision,recall,f1
rule_based,mean,mean,0.3497526881720454,2131,3569,3401,6399,0.3569032258064516,0.373859649122807,0.24982415005861663,0.29950808151791986
rule_based,mean,mean_minus_5pct,0.3497526881720454,2696,3004,1906,7894,0.2969032258064516,0.4729824561403509,0.25457979225684607,0.33100061387354207
rule_based,mean,mean_minus_10pct,0.3497526881720454,3282,2418,842,8958,0.26606451612903226,0.5757894736842105,0.2681372549019608,0.365886287625418
rule_based,mean,mean_minus_15pct,0.3497526881720454,3910,1790,290,9510,0.2709677419354839,0.6859649122807018,0.29135618479880776,0.40899581589958156
rule_based,mean,mean_minus_16pct,0.3497526881720454,4025,1675,220,9580,0.2738709677419355,0.706140350877193,0.2958471150312385,0.41699041699041695
rule_based,mean_minus_5pct,mean,0.3497526881720454,3157,4143,2827,5373,0.38606451612903225,0.43246575342465754,0.37010550996483,0.3988629185091599
rule_based,mean_minus_5pct,mean_minus_5pct,0.3497526881720454,3957,3343,1567,6633,0.35638709677419356,0.542054794520548,0.3736543909348442,0.4423700391280045
rule_based,mean_minus_5pct,mean_minus_10pct,0.3497526881720454,4712,2588,672,7528,0.3473548387096774,0.6454794520547945,0.38496732026143793,0.48229273285568064
rule_based,mean_minus_5pct,mean_minus_15pct,0.3497526881720454,5446,1854,226,7974,0.36593548387096775,0.746027397260274,0.40581222056631894,0.5256756756756757
rule_based,mean_minus_5pct,mean_minus_16pct,0.3497526881720454,5574,1726,169,8031,0.37051612903225806,0.7635616438356164,0.4097023153252481,0.5332695527385793
rule_based,mean_minus_10pct,mean,0.3497526881720454,7369,6271,699,1161,0.5205161290322581,0.5402492668621701,0.8638921453692848,0.6647722147045557
rule_based,mean_minus_10pct,mean_minus_5pct,0.3497526881720454,9121,4519,391,1469,0.6136774193548387,0.6686950146627566,0.8612842304060434,0.7528683450268263
rule_based,mean_minus_10pct,mean_minus_10pct,0.3497526881720454,10538,3102,158,1702,0.6900645161290323,0.7725806451612903,0.8609477124183007,0.8143740340030913
rule_based,mean_minus_10pct,mean_minus_15pct,0.3497526881720454,11617,2023,57,1803,0.7531612903225806,0.8516862170087977,0.8656482861400894,0.858610495195861
rule_based,mean_minus_10pct,mean_minus_16pct,0.3497526881720454,11786,1854,41,1819,0.7630322580645161,0.8640762463343109,0.8662991547225285,0.8651862727105891
rule_based,mean_minus_15pct,mean,0.3497526881720454,8095,6865,105,435,0.5290322580645161,0.5411096256684492,0.9490035169988277,0.6892294593444019
rule_based,mean_minus_15pct,mean_minus_5pct,0.3497526881720454,10082,4878,32,508,0.6525161290322581,0.6739304812834225,0.9520302171860245,0.789197651663405
rule_based,mean_minus_15pct,mean_minus_10pct,0.3497526881720454,11714,3246,14,526,0.7566451612903226,0.7830213903743316,0.9570261437908497,0.8613235294117647
rule_based,mean_minus_15pct,mean_minus_15pct,0.3497526881720454,12880,2080,0,540,0.8309677419354838,0.8609625668449198,0.9597615499254843,0.9076814658210007
rule_based,mean_minus_15pct,mean_minus_16pct,0.3497526881720454,13065,1895,0,540,0.8429032258064516,0.8733288770053476,0.960308710033076,0.9147558200595134
rule_based,mean_minus_16pct,mean,0.3497526881720454,8095,6865,105,435,0.5290322580645161,0.5411096256684492,0.9490035169988277,0.6892294593444019
rule_based,mean_minus_16pct,mean_minus_5pct,0.3497526881720454,10082,4878,32,508,0.6525161290322581,0.6739304812834225,0.9520302171860245,0.789197651663405
rule_based,mean_minus_16pct,mean_minus_10pct,0.3497526881720454,11714,3246,14,526,0.7566451612903226,0.7830213903743316,0.9570261437908497,0.8613235294117647
rule_based,mean_minus_16pct,mean_minus_15pct,0.3497526881720454,12880,2080,0,540,0.8309677419354838,0.8609625668449198,0.9597615499254843,0.9076814658210007
rule_based,mean_minus_16pct,mean_minus_16pct,0.3497526881720454,13065,1895,0,540,0.8429032258064516,0.8733288770053476,0.960308710033076,0.9147558200595134
inference_based,mean,mean,0.10838709677418844,3799,5321,1649,4731,0.3514838709677419,0.41655701754385965,0.445369284876905,0.4304815864022663
inference_based,mean,mean_minus_5pct,0.10838709677418844,5059,4061,849,5531,0.38116129032258067,0.5547149122807018,0.4777148253068933,0.5133434804667683
inference_based,mean,mean_minus_10pct,0.10838709677418844,6239,2881,379,6001,0.42696774193548387,0.6841008771929824,0.5097222222222222,0.5841760299625468
inference_based,mean,mean_minus_15pct,0.10838709677418844,7202,1918,162,6218,0.4750967741935484,0.7896929824561404,0.536661698956781,0.6390417036379769
inference_based,mean,mean_minus_16pct,0.10838709677418844,7373,1747,148,6232,0.4852258064516129,0.8084429824561403,0.5419331128261669,0.648888888888889
inference_based,mean_minus_5pct,mean,0.10838709677418844,3799,5321,1649,4731,0.3514838709677419,0.41655701754385965,0.445369284876905,0.4304815864022663
inference_based,mean_minus_5pct,mean_minus_5pct,0.10838709677418844,5059,4061,849,5531,0.38116129032258067,0.5547149122807018,0.4777148253068933,0.5133434804667683
inference_based,mean_minus_5pct,mean_minus_10pct,0.10838709677418844,6239,2881,379,6001,0.42696774193548387,0.6841008771929824,0.5097222222222222,0.5841760299625468
inference_based,mean_minus_5pct,mean_minus_15pct,0.10838709677418844,7202,1918,162,6218,0.4750967741935484,0.7896929824561404,0.536661698956781,0.6390417036379769
inference_based,mean_minus_5pct,mean_minus_16pct,0.10838709677418844,7373,1747,148,6232,0.4852258064516129,0.8084429824561403,0.5419331128261669,0.648888888888889
inference_based,mean_minus_10pct,mean,0.10838709677418844,3799,5321,1649,4731,0.3514838709677419,0.41655701754385965,0.445369284876905,0.4304815864022663
inference_based,mean_minus_10pct,mean_minus_5pct,0.10838709677418844,5059,4061,849,5531,0.38116129032258067,0.5547149122807018,0.4777148253068933,0.5133434804667683
inference_based,mean_minus_10pct,mean_minus_10pct,0.10838709677418844,6239,2881,379,6001,0.42696774193548387,0.6841008771929824,0.5097222222222222,0.5841760299625468
inference_based,mean_minus_10pct,mean_minus_15pct,0.10838709677418844,7202,1918,162,6218,0.4750967741935484,0.7896929824561404,0.536661698956781,0.6390417036379769
inference_based,mean_minus_10pct,mean_minus_16pct,0.10838709677418844,7373,1747,148,6232,0.4852258064516129,0.8084429824561403,0.5419331128261669,0.648888888888889
inference_based,mean_minus_15pct,mean,0.10838709677418844,3799,5321,1649,4731,0.3514838709677419,0.41655701754385965,0.445369284876905,0.4304815864022663
inference_based,mean_minus_15pct,mean_minus_5pct,0.10838709677418844,5059,4061,849,5531,0.38116129032258067,0.5547149122807018,0.4777148253068933,0.5133434804667683
inference_based,mean_minus_15pct,mean_minus_10pct,0.10838709677418844,6239,2881,379,6001,0.42696774193548387,0.6841008771929824,0.5097222222222222,0.5841760299625468
inference_based,mean_minus_15pct,mean_minus_15pct,0.10838709677418844,7202,1918,162,6218,0.4750967741935484,0.7896929824561404,0.536661698956781,0.6390417036379769
inference_based,mean_minus_15pct,mean_minus_16pct,0.10838709677418844,7373,1747,148,6232,0.4852258064516129,0.8084429824561403,0.5419331128261669,0.648888888888889
inference_based,mean_minus_16pct,mean,0.10838709677418844,3799,5321,1649,4731,0.3514838709677419,0.41655701754385965,0.445369284876905,0.4304815864022663
inference_based,mean_minus_16pct,mean_minus_5pct,0.10838709677418844,5059,4061,849,5531,0.38116129032258067,0.5547149122807018,0.4777148253068933,0.5133434804667683
inference_based,mean_minus_16pct,mean_minus_10pct,0.10838709677418844,6239,2881,379,6001,0.42696774193548387,0.6841008771929824,0.5097222222222222,0.5841760299625468
inference_based,mean_minus_16pct,mean_minus_15pct,0.10838709677418844,7202,1918,162,6218,0.4750967741935484,0.7896929824561404,0.536661698956781,0.6390417036379769
inference_based,mean_minus_16pct,mean_minus_16pct,0.10838709677418844,7373,1747,148,6232,0.4852258064516129,0.8084429824561403,0.5419331128261669,0.648888888888889
semantic_based,mean,mean,0.8679494451612867,5254,2746,4224,3276,0.6114838709677419,0.65675,0.6159437280187573,0.6356926799758016
semantic_based,mean,mean_minus_5pct,0.8679494451612867,6302,1698,3212,4288,0.6138064516129033,0.78775,0.5950897072710104,0.6779989241527703
semantic_based,mean,mean_minus_10pct,0.8679494451612867,7042,958,2302,5198,0.6028387096774194,0.88025,0.5753267973856209,0.6958498023715415
semantic_based,mean,mean_minus_15pct,0.8679494451612867,7476,524,1556,5944,0.5827096774193549,0.9345,0.5570789865871834,0.6980392156862746
semantic_based,mean,mean_minus_16pct,0.8679494451612867,7537,463,1432,6068,0.5786451612903226,0.942125,0.5539875045938993,0.697708863688961
semantic_based,mean_minus_5pct,mean,0.8679494451612867,7457,4063,2907,1073,0.6686451612903226,0.6473090277777778,0.8742086752637749,0.7438403990024937
semantic_based,mean_minus_5pct,mean_minus_5pct,0.8679494451612867,9022,2498,2412,1568,0.7376774193548387,0.7831597222222222,0.8519357884796979,0.8161013116236997
semantic_based,mean_minus_5pct,mean_minus_10pct,0.8679494451612867,10129,1391,1869,2111,0.7740645161290323,0.8792534722222223,0.827532679738562,0.8526094276094277
semantic_based,mean_minus_5pct,mean_minus_15pct,0.8679494451612867,10760,760,1320,2660,0.7793548387096774,0.9340277777777778,0.8017883755588674,0.8628708901363271
semantic_based,mean_minus_5pct,mean_minus_16pct,0.8679494451612867,10845,675,1220,2760,0.7783870967741936,0.94140625,0.7971334068357222,0.8632835820895524
semantic_based,mean_minus_10pct,mean,0.8679494451612867,8530,6970,0,0,0.5503225806451613,0.5503225806451613,1.0,0.7099459009571369
semantic_based,mean_minus_10pct,mean_minus_5pct,0.8679494451612867,10590,4910,0,0,0.6832258064516129,0.6832258064516129,1.0,0.8118052893829054
semantic_based,mean_minus_10pct,mean_minus_10pct,0.8679494451612867,12240,3260,0,0,0.7896774193548387,0.7896774193548387,1.0,0.8824801730353281
semantic_based,mean_minus_10pct,mean_minus_15pct,0.8679494451612867,13420,2080,0,0,0.8658064516129033,0.8658064516129033,1.0,0.9280774550484094
semantic_based,mean_minus_10pct,mean_minus_16pct,0.8679494451612867,13605,1895,0,0,0.8777419354838709,0.8777419354838709,1.0,0.9348909122143961
semantic_based,mean_minus_15pct,mean,0.8679494451612867,8530,6970,0,0,0.5503225806451613,0.5503225806451613,1.0,0.7099459009571369
semantic_based,mean_minus_15pct,mean_minus_5pct,0.8679494451612867,10590,4910,0,0,0.6832258064516129,0.6832258064516129,1.0,0.8118052893829054
semantic_based,mean_minus_15pct,mean_minus_10pct,0.8679494451612867,12240,3260,0,0,0.7896774193548387,0.7896774193548387,1.0,0.8824801730353281
semantic_based,mean_minus_15pct,mean_minus_15pct,0.8679494451612867,13420,2080,0,0,0.8658064516129033,0.8658064516129033,1.0,0.9280774550484094
semantic_based,mean_minus_15pct,mean_minus_16pct,0.8679494451612867,13605,1895,0,0,0.8777419354838709,0.8777419354838709,1.0,0.9348909122143961
semantic_based,mean_minus_16pct,mean,0.8679494451612867,8530,6970,0,0,0.5503225806451613,0.5503225806451613,1.0,0.7099459009571369
semantic_based,mean_minus_16pct,mean_minus_5pct,0.8679494451612867,10590,4910,0,0,0.6832258064516129,0.6832258064516129,1.0,0.8118052893829054
semantic_based,mean_minus_16pct,mean_minus_10pct,0.8679494451612867,12240,3260,0,0,0.7896774193548387,0.7896774193548387,1.0,0.8824801730353281
semantic_based,mean_minus_16pct,mean_minus_15pct,0.8679494451612867,13420,2080,0,0,0.8658064516129033,0.8658064516129033,1.0,0.9280774550484094
semantic_based,mean_minus_16pct,mean_minus_16pct,0.8679494451612867,13605,1895,0,0,0.8777419354838709,0.8777419354838709,1.0,0.9348909122143961
similarity_based,mean,mean,0.6241125025882275,2938,4582,2388,5592,0.34361290322580645,0.3906914893617021,0.34443141852286047,0.3661059190031153
similarity_based,mean,mean_minus_5pct,0.6241125025882275,3970,3550,1360,6620,0.3438709677419355,0.5279255319148937,0.37488196411709157,0.43843180563224743
similarity_based,mean,mean_minus_10pct,0.6241125025882275,4975,2545,715,7265,0.3670967741935484,0.6615691489361702,0.40645424836601307,0.5035425101214576
similarity_based,mean,mean_minus_15pct,0.6241125025882275,5823,1697,383,7597,0.40038709677419354,0.7743351063829788,0.43390461997019375,0.556160458452722
similarity_based,mean,mean_minus_16pct,0.6241125025882275,5955,1565,330,7650,0.4054838709677419,0.7918882978723404,0.43770672546857775,0.5637869822485208
similarity_based,mean_minus_5pct,mean,0.6241125025882275,5656,6024,946,2874,0.42593548387096775,0.48424657534246573,0.6630715123094959,0.559722909450767
similarity_based,mean_minus_5pct,mean_minus_5pct,0.6241125025882275,7349,4331,579,3241,0.511483870967742,0.6291952054794521,0.6939565627950897,0.6599910193084868
similarity_based,mean_minus_5pct,mean_minus_10pct,0.6241125025882275,8721,2959,301,3519,0.5820645161290322,0.7466609589041096,0.7125,0.7291806020066889
similarity_based,mean_minus_5pct,mean_minus_15pct,0.6241125025882275,9744,1936,144,3676,0.6379354838709678,0.8342465753424657,0.726080476900149,0.7764143426294821
similarity_based,mean_minus_5pct,mean_minus_16pct,0.6241125025882275,9902,1778,117,3703,0.6463870967741936,0.8477739726027397,0.7278206541712605,0.7832311647221674
similarity_based,mean_minus_10pct,mean,0.6241125025882275,7570,6570,400,960,0.5141935483870967,0.5353606789250354,0.8874560375146542,0.6678429642699604
similarity_based,mean_minus_10pct,mean_minus_5pct,0.6241125025882275,9493,4647,263,1097,0.6294193548387097,0.6713578500707214,0.8964117091595846,0.7677315002021837
similarity_based,mean_minus_10pct,mean_minus_10pct,0.6241125025882275,11019,3121,139,1221,0.7198709677419355,0.7792786421499293,0.9002450980392157,0.8354056103108416
similarity_based,mean_minus_10pct,mean_minus_15pct,0.6241125025882275,12123,2017,63,1297,0.7861935483870968,0.8573550212164074,0.9033532041728763,0.8797532656023221
similarity_based,mean_minus_10pct,mean_minus_16pct,0.6241125025882275,12296,1844,51,1309,0.7965806451612903,0.8695898161244696,0.9037853730246233,0.8863579023247431
similarity_based,mean_minus_15pct,mean,0.6241125025882275,8450,6950,20,80,0.5464516129032259,0.5487012987012987,0.9906213364595545,0.7062264939406604
similarity_based,mean_minus_15pct,mean_minus_5pct,0.6241125025882275,10501,4899,11,89,0.6781935483870968,0.6818831168831169,0.9915958451369217,0.8080800307810696
similarity_based,mean_minus_15pct,mean_minus_10pct,0.6241125025882275,12144,3256,4,96,0.7837419354838709,0.7885714285714286,0.9921568627450981,0.878726483357453
similarity_based,mean_minus_15pct,mean_minus_15pct,0.6241125025882275,13320,2080,0,100,0.8593548387096774,0.8649350649350649,0.992548435171386,0.9243580846634282
similarity_based,mean_minus_15pct,mean_minus_16pct,0.6241125025882275,13505,1895,0,100,0.8712903225806452,0.8769480519480519,0.9926497611172364,0.9312187553870023
similarity_based,mean_minus_16pct,mean,0.6241125025882275,8513,6967,3,17,0.5494193548387096,0.5499354005167959,0.9980070339976553,0.7091211995002082
similarity_based,mean_minus_16pct,mean_minus_5pct,0.6241125025882275,10571,4909,1,19,0.6820645161290323,0.6828811369509044,0.9982058545797923,0.8109704641350209
similarity_based,mean_minus_16pct,mean_minus_10pct,0.6241125025882275,12220,3260,0,20,0.7883870967741935,0.789405684754522,0.9983660130718954,0.8816738816738818
similarity_based,mean_minus_16pct,mean_minus_15pct,0.6241125025882275,13400,2080,0,20,0.864516129032258,0.8656330749354005,0.9985096870342772,0.9273356401384084
similarity_based,mean_minus_16pct,mean_minus_16pct,0.6241125025882275,13585,1895,0,20,0.8764516129032258,0.8775839793281653,0.9985299522234473,0.9341585009455045
mlaas_based,mean,mean,0.6621779019461136,1596,3904,3066,6934,0.3007741935483871,0.2901818181818182,0.18710433763188747,0.22751247327156093
mlaas_based,mean,mean_minus_5pct,0.6621779019461136,2259,3241,1669,8331,0.2534193548387097,0.4107272727272727,0.213314447592068,0.2807955251709136
mlaas_based,mean,mean_minus_10pct,0.6621779019461136,2978,2522,738,9262,0.23974193548387096,0.5414545454545454,0.24330065359477124,0.335738444193912
mlaas_based,mean,mean_minus_15pct,0.6621779019461136,3694,1806,274,9726,0.256,0.6716363636363636,0.2752608047690015,0.39048625792811836
mlaas_based,mean,mean_minus_16pct,0.6621779019461136,3815,1685,210,9790,0.25967741935483873,0.6936363636363636,0.28041161337743475,0.3993718921748233
mlaas_based,mean_minus_5pct,mean,0.6621779019461136,6434,6406,564,2096,0.45148387096774195,0.5010903426791278,0.7542790152403283,0.6021525503041647
mlaas_based,mean_minus_5pct,mean_minus_5pct,0.6621779019461136,8207,4633,277,2383,0.5473548387096774,0.6391744548286604,0.7749763928234183,0.700554844216816
mlaas_based,mean_minus_5pct,mean_minus_10pct,0.6621779019461136,9683,3157,103,2557,0.6313548387096775,0.7541277258566979,0.79109477124183,0.7721690590111642
mlaas_based,mean_minus_5pct,mean_minus_15pct,0.6621779019461136,10786,2054,26,2634,0.6975483870967742,0.8400311526479751,0.803725782414307,0.8214775323686215
mlaas_based,mean_minus_5pct,mean_minus_16pct,0.6621779019461136,10967,1873,22,2638,0.7089677419354838,0.8541277258566978,0.8061006982726938,0.8294195500094536
mlaas_based,mean_minus_10pct,mean,0.6621779019461136,8530,6970,0,0,0.5503225806451613,0.5503225806451613,1.0,0.7099459009571369
mlaas_based,mean_minus_10pct,mean_minus_5pct,0.6621779019461136,10590,4910,0,0,0.6832258064516129,0.6832258064516129,1.0,0.8118052893829054
mlaas_based,mean_minus_10pct,mean_minus_10pct,0.6621779019461136,12240,3260,0,0,0.7896774193548387,0.7896774193548387,1.0,0.8824801730353281
mlaas_based,mean_minus_10pct,mean_minus_15pct,0.6621779019461136,13420,2080,0,0,0.8658064516129033,0.8658064516129033,1.0,0.9280774550484094
mlaas_based,mean_minus_10pct,mean_minus_16pct,0.6621779019461136,13605,1895,0,0,0.8777419354838709,0.8777419354838709,1.0,0.9348909122143961
mlaas_based,mean_minus_15pct,mean,0.6621779019461136,8530,6970,0,0,0.5503225806451613,0.5503225806451613,1.0,0.7099459009571369
mlaas_based,mean_minus_15pct,mean_minus_5pct,0.6621779019461136,10590,4910,0,0,0.6832258064516129,0.6832258064516129,1.0,0.8118052893829054
mlaas_based,mean_minus_15pct,mean_minus_10pct,0.6621779019461136,12240,3260,0,0,0.7896774193548387,0.7896774193548387,1.0,0.8824801730353281
mlaas_based,mean_minus_15pct,mean_minus_15pct,0.6621779019461136,13420,2080,0,0,0.8658064516129033,0.8658064516129033,1.0,0.9280774550484094
mlaas_based,mean_minus_15pct,mean_minus_16pct,0.6621779019461136,13605,1895,0,0,0.8777419354838709,0.8777419354838709,1.0,0.9348909122143961
mlaas_based,mean_minus_16pct,mean,0.6621779019461136,8530,6970,0,0,0.5503225806451613,0.5503225806451613,1.0,0.7099459009571369
mlaas_based,mean_minus_16pct,mean_minus_5pct,0.6621779019461136,10590,4910,0,0,0.6832258064516129,0.6832258064516129,1.0,0.8118052893829054
mlaas_based,mean_minus_16pct,mean_minus_10pct,0.6621779019461136,12240,3260,0,0,0.7896774193548387,0.7896774193548387,1.0,0.8824801730353281
mlaas_based,mean_minus_16pct,mean_minus_15pct,0.6621779019461136,13420,2080,0,0,0.8658064516129033,0.8658064516129033,1.0,0.9280774550484094
mlaas_based,mean_minus_16pct,mean_minus_16pct,0.6621779019461136,13605,1895,0,0,0.8777419354838709,0.8777419354838709,1.0,0.9348909122143961
CATTM,mean,mean,0.5591359603773823,5536,2844,4126,2994,0.6233548387096775,0.6606205250596658,0.6490035169988276,0.6547604967474866
CATTM,mean,mean_minus_5pct,0.5591359603773823,6628,1752,3158,3962,0.6313548387096775,0.7909307875894988,0.6258734655335222,0.6987875593041645
CATTM,mean,mean_minus_10pct,0.5591359603773823,7404,976,2284,4836,0.6250322580645161,0.8835322195704057,0.6049019607843137,0.7181377303588748
CATTM,mean,mean_minus_15pct,0.5591359603773823,7848,532,1548,5572,0.6061935483870968,0.9365155131264916,0.5847988077496274,0.72
CATTM,mean,mean_minus_16pct,0.5591359603773823,7910,470,1425,5695,0.6022580645161291,0.9439140811455847,0.5814038956266079,0.7195815328633158
CATTM,mean_minus_5pct,mean,0.5591359603773823,6286,3174,3796,2244,0.6504516129032258,0.6644820295983087,0.7369284876905041,0.6988326848249027
CATTM,mean_minus_5pct,mean_minus_5pct,0.5591359603773823,7538,1922,2988,3052,0.6790967741935484,0.7968287526427061,0.7118035882908404,0.7519201995012469
CATTM,mean_minus_5pct,mean_minus_10pct,0.5591359603773823,8425,1035,2225,3815,0.6870967741935484,0.8905919661733616,0.6883169934640523,0.7764976958525347
CATTM,mean_minus_5pct,mean_minus_15pct,0.5591359603773823,8909,551,1529,4511,0.6734193548387096,0.9417547568710359,0.6638599105812221,0.7787587412587413
CATTM,mean_minus_5pct,mean_minus_16pct,0.5591359603773823,8976,484,1411,4629,0.6701290322580645,0.9488372093023256,0.6597574421168688,0.7783221331021027
CATTM,mean_minus_10pct,mean,0.5591359603773823,7151,3729,3241,1379,0.6704516129032259,0.6572610294117647,0.8383352872215709,0.7368366821226172
CATTM,mean_minus_10pct,mean_minus_5pct,0.5591359603773823,8634,2246,2664,1956,0.7289032258064516,0.7935661764705882,0.8152974504249292,0.8042850489054495
CATTM,mean_minus_10pct,mean_minus_10pct,0.5591359603773823,9675,1205,2055,2565,0.756774193548387,0.8892463235294118,0.7904411764705882,0.8369377162629759
CATTM,mean_minus_10pct,mean_minus_15pct,0.5591359603773823,10259,621,1459,3161,0.756,0.942922794117647,0.7644560357675112,0.8443621399176955
CATTM,mean_minus_10pct,mean_minus_16pct,0.5591359603773823,10339,541,1354,3266,0.7543870967741936,0.9502757352941177,0.7599411980889379,0.844517051255871
CATTM,mean_minus_15pct,mean,0.5591359603773823,8063,4577,2393,467,0.6745806451612903,0.6378955696202532,0.9452520515826495,0.7617383089277279
CATTM,mean_minus_15pct,mean_minus_5pct,0.5591359603773823,9869,2771,2139,721,0.7747096774193548,0.7807753164556962,0.9319169027384325,0.8496771416272062
CATTM,mean_minus_15pct,mean_minus_10pct,0.5591359603773823,11162,1478,1782,1078,0.8350967741935484,0.8830696202531646,0.9119281045751634,0.8972668810289389
CATTM,mean_minus_15pct,mean_minus_15pct,0.5591359603773823,11919,721,1359,1501,0.8566451612903225,0.9429588607594936,0.8881520119225037,0.914735226400614
CATTM,mean_minus_15pct,mean_minus_16pct,0.5591359603773823,12019,621,1274,1586,0.8576129032258064,0.950870253164557,0.8834252113193679,0.9159077919603734
CATTM,mean_minus_16pct,mean,0.5591359603773823,8171,4729,2241,359,0.671741935483871,0.6334108527131783,0.9579132473622509,0.7625758282781148
CATTM,mean_minus_16pct,mean_minus_5pct,0.5591359603773823,10026,2874,2036,564,0.7781935483870968,0.7772093023255814,0.9467422096317281,0.853639846743295
CATTM,mean_minus_16pct,mean_minus_10pct,0.5591359603773823,11365,1535,1725,875,0.844516129032258,0.8810077519379845,0.9285130718954249,0.9041368337311059
CATTM,mean_minus_16pct,mean_minus_15pct,0.5591359603773823,12150,750,1330,1270,0.8696774193548387,0.9418604651162791,0.9053651266766021,0.9232522796352584
CATTM,mean_minus_16pct,mean_minus_16pct,0.5591359603773823,12259,641,1254,1346,0.8718064516129033,0.9503100775193798,0.9010657846380007,0.9250330126391246
