composition_id,composition_clients,composition_length,corruption,clean_samples,corruption_samples,before_clean_accuracy,before_corruption_accuracy,before_mixed_accuracy,full_adapt_clean_accuracy,full_adapt_corruption_accuracy,full_adapt_mixed_accuracy,gala_clean_accuracy,gala_corruption_accuracy,gala_mixed_accuracy,gala_gain_vs_before_mixed,gala_gain_vs_full_adapt_mixed,gala_gain_vs_before_corruption,gala_gain_vs_full_adapt_corruption,num_groups,selected_group_0,selected_group_1,selected_group_2,selected_group_3,selected_group_4,selected_group_5,skipped_steps
composition_0,client_0,1,brightness,100,100,0.98,0.2,0.59,0.94,0.02,0.48,0.97,0.02,0.495,-0.09499999999999997,0.015000000000000013,-0.18000000000000002,0.0,6,58,23,8,15,8,11,2
composition_0,client_0,1,zigzag,100,100,0.98,0.77,0.875,0.97,0.8,0.885,0.97,0.64,0.805,-0.06999999999999995,-0.07999999999999996,-0.13,-0.16000000000000003,6,13,31,10,8,8,9,46
composition_0_1,"client_0,client_1",2,brightness,100,100,0.99,0.31,0.65,0.96,0.02,0.49,0.96,0.02,0.49,-0.16000000000000003,0.0,-0.29,0.0,6,50,32,9,14,7,13,0
composition_0_1,"client_0,client_1",2,zigzag,100,100,0.99,0.79,0.89,0.97,0.8,0.885,0.99,0.8,0.895,0.0050000000000000044,0.010000000000000009,0.010000000000000009,0.0,6,9,28,8,12,11,11,46
composition_0_1_2,"client_0,client_1,client_2",3,brightness,100,100,1.0,0.26,0.63,0.97,0.02,0.495,0.98,0.02,0.5,-0.13,0.0050000000000000044,-0.24000000000000002,0.0,6,48,36,7,12,7,15,0
composition_0_1_2,"client_0,client_1,client_2",3,zigzag,100,100,1.0,0.79,0.895,0.98,0.81,0.895,0.99,0.8,0.895,0.0,0.0,0.010000000000000009,-0.010000000000000009,6,9,27,8,14,9,10,48
composition_0_1_2_3,"client_0,client_1,client_2,client_3",4,brightness,100,100,1.0,0.2,0.6,0.96,0.02,0.49,0.98,0.02,0.5,-0.09999999999999998,0.010000000000000009,-0.18000000000000002,0.0,6,61,24,9,12,7,12,0
composition_0_1_2_3,"client_0,client_1,client_2,client_3",4,zigzag,100,100,1.0,0.8,0.9,0.97,0.81,0.89,0.99,0.8,0.895,-0.0050000000000000044,0.0050000000000000044,0.0,-0.010000000000000009,6,11,29,8,12,9,11,45
composition_0_1_2_3_4,"client_0,client_1,client_2,client_3,client_4",5,brightness,100,100,1.0,0.23,0.615,0.95,0.02,0.485,0.98,0.02,0.5,-0.11499999999999999,0.015000000000000013,-0.21000000000000002,0.0,6,52,24,13,16,6,14,0
composition_0_1_2_3_4,"client_0,client_1,client_2,client_3,client_4",5,zigzag,100,100,1.0,0.79,0.895,0.99,0.85,0.92,0.99,0.81,0.9,0.0050000000000000044,-0.020000000000000018,0.020000000000000018,-0.039999999999999925,6,12,30,9,11,9,10,44
composition_0_1_2_4,"client_0,client_1,client_2,client_4",4,brightness,100,100,1.0,0.3,0.65,0.96,0.02,0.49,0.98,0.02,0.5,-0.15000000000000002,0.010000000000000009,-0.27999999999999997,0.0,6,47,28,14,14,7,15,0
composition_0_1_2_4,"client_0,client_1,client_2,client_4",4,zigzag,100,100,1.0,0.79,0.895,0.98,0.81,0.895,0.99,0.8,0.895,0.0,0.0,0.010000000000000009,-0.010000000000000009,6,12,27,11,9,10,9,47
composition_0_1_3,"client_0,client_1,client_3",3,brightness,100,100,1.0,0.22,0.61,0.97,0.02,0.495,0.97,0.02,0.495,-0.11499999999999999,0.0,-0.2,0.0,6,54,30,11,13,7,10,0
composition_0_1_3,"client_0,client_1,client_3",3,zigzag,100,100,1.0,0.8,0.9,0.97,0.85,0.91,0.99,0.82,0.905,0.0050000000000000044,-0.0050000000000000044,0.019999999999999907,-0.030000000000000027,6,10,32,9,9,11,10,44
composition_0_1_3_4,"client_0,client_1,client_3,client_4",4,brightness,100,100,1.0,0.29,0.645,0.96,0.02,0.49,0.98,0.02,0.5,-0.14500000000000002,0.010000000000000009,-0.26999999999999996,0.0,6,53,25,13,15,6,13,0
composition_0_1_3_4,"client_0,client_1,client_3,client_4",4,zigzag,100,100,1.0,0.8,0.9,0.99,0.84,0.915,0.99,0.8,0.895,-0.0050000000000000044,-0.020000000000000018,0.0,-0.039999999999999925,6,9,30,10,9,10,13,44
composition_0_1_4,"client_0,client_1,client_4",3,brightness,100,100,0.99,0.35,0.67,0.97,0.02,0.495,0.98,0.02,0.5,-0.17000000000000004,0.0050000000000000044,-0.32999999999999996,0.0,6,38,28,15,19,7,17,1
composition_0_1_4,"client_0,client_1,client_4",3,zigzag,100,100,0.99,0.8,0.895,0.99,0.84,0.915,0.99,0.8,0.895,0.0,-0.020000000000000018,0.0,-0.039999999999999925,6,12,21,9,12,9,12,50
composition_0_2,"client_0,client_2",2,brightness,100,100,1.0,0.18,0.59,0.96,0.02,0.49,0.98,0.02,0.5,-0.08999999999999997,0.010000000000000009,-0.16,0.0,6,56,24,9,19,8,9,0
composition_0_2,"client_0,client_2",2,zigzag,100,100,1.0,0.77,0.885,0.99,0.8,0.895,1.0,0.81,0.905,0.020000000000000018,0.010000000000000009,0.040000000000000036,0.010000000000000009,6,12,35,9,8,8,9,44
composition_0_2_3,"client_0,client_2,client_3",3,brightness,100,100,1.0,0.17,0.585,0.96,0.02,0.49,0.97,0.02,0.495,-0.08999999999999997,0.0050000000000000044,-0.15000000000000002,0.0,6,49,34,8,13,6,15,0
composition_0_2_3,"client_0,client_2,client_3",3,zigzag,100,100,1.0,0.79,0.895,0.99,0.86,0.925,1.0,0.83,0.915,0.020000000000000018,-0.010000000000000009,0.039999999999999925,-0.030000000000000027,6,11,30,10,12,8,10,44
composition_0_2_3_4,"client_0,client_2,client_3,client_4",4,brightness,100,100,1.0,0.2,0.6,0.96,0.02,0.49,0.98,0.02,0.5,-0.09999999999999998,0.010000000000000009,-0.18000000000000002,0.0,6,50,26,13,18,6,12,0
composition_0_2_3_4,"client_0,client_2,client_3,client_4",4,zigzag,100,100,1.0,0.79,0.895,0.99,0.87,0.93,0.99,0.82,0.905,0.010000000000000009,-0.025000000000000022,0.029999999999999916,-0.050000000000000044,6,14,26,9,11,10,10,45
composition_0_2_4,"client_0,client_2,client_4",3,brightness,100,100,1.0,0.24,0.62,0.95,0.02,0.485,0.98,0.02,0.5,-0.12,0.015000000000000013,-0.22,0.0,6,46,26,11,25,8,9,0
composition_0_2_4,"client_0,client_2,client_4",3,zigzag,100,100,1.0,0.78,0.89,0.98,0.84,0.91,0.99,0.82,0.905,0.015000000000000013,-0.0050000000000000044,0.039999999999999925,-0.020000000000000018,6,11,27,9,12,9,11,46
composition_0_3,"client_0,client_3",2,brightness,100,100,1.0,0.16,0.58,0.96,0.02,0.49,0.97,0.02,0.495,-0.08499999999999996,0.0050000000000000044,-0.14,0.0,6,56,23,10,18,6,12,0
composition_0_3,"client_0,client_3",2,zigzag,100,100,1.0,0.81,0.905,0.99,0.87,0.93,1.0,0.85,0.925,0.020000000000000018,-0.0050000000000000044,0.039999999999999925,-0.020000000000000018,6,11,32,9,12,8,10,43
composition_0_3_4,"client_0,client_3,client_4",3,brightness,100,100,1.0,0.21,0.605,0.95,0.02,0.485,0.99,0.02,0.505,-0.09999999999999998,0.020000000000000018,-0.19,0.0,6,60,23,9,12,6,15,0
composition_0_3_4,"client_0,client_3,client_4",3,zigzag,100,100,1.0,0.77,0.885,0.99,0.86,0.925,0.99,0.85,0.92,0.03500000000000003,-0.0050000000000000044,0.07999999999999996,-0.010000000000000009,6,10,31,11,11,9,11,42
composition_0_4,"client_0,client_4",2,brightness,100,100,1.0,0.29,0.645,0.95,0.02,0.485,0.99,0.02,0.505,-0.14,0.020000000000000018,-0.26999999999999996,0.0,6,45,29,9,18,8,15,1
composition_0_4,"client_0,client_4",2,zigzag,100,100,1.0,0.78,0.89,0.99,0.85,0.92,1.0,0.8,0.9,0.010000000000000009,-0.020000000000000018,0.020000000000000018,-0.04999999999999993,6,11,22,10,10,9,14,49
composition_1,client_1,1,brightness,100,100,0.98,0.34,0.66,0.96,0.02,0.49,0.96,0.02,0.49,-0.17000000000000004,0.0,-0.32,0.0,6,46,39,8,16,7,9,0
composition_1,client_1,1,zigzag,100,100,0.98,0.81,0.895,0.98,0.82,0.9,0.98,0.79,0.885,-0.010000000000000009,-0.015000000000000013,-0.020000000000000018,-0.029999999999999916,6,12,22,11,16,8,10,46
composition_1_2,"client_1,client_2",2,brightness,100,100,1.0,0.27,0.635,0.96,0.02,0.49,0.98,0.02,0.5,-0.135,0.010000000000000009,-0.25,0.0,6,49,26,7,24,7,12,0
composition_1_2,"client_1,client_2",2,zigzag,100,100,1.0,0.79,0.895,0.98,0.81,0.895,0.98,0.79,0.885,-0.010000000000000009,-0.010000000000000009,0.0,-0.020000000000000018,6,9,27,13,12,9,9,46
composition_1_2_3,"client_1,client_2,client_3",3,brightness,100,100,1.0,0.19,0.595,0.96,0.02,0.49,0.98,0.02,0.5,-0.09499999999999997,0.010000000000000009,-0.17,0.0,6,57,28,8,16,7,9,0
composition_1_2_3,"client_1,client_2,client_3",3,zigzag,100,100,1.0,0.8,0.9,0.98,0.83,0.905,0.99,0.81,0.9,0.0,-0.0050000000000000044,0.010000000000000009,-0.019999999999999907,6,10,27,8,13,7,10,50
composition_1_2_3_4,"client_1,client_2,client_3,client_4",4,brightness,100,100,1.0,0.24,0.62,0.95,0.02,0.485,0.99,0.02,0.505,-0.11499999999999999,0.020000000000000018,-0.22,0.0,6,55,17,13,19,6,15,0
composition_1_2_3_4,"client_1,client_2,client_3,client_4",4,zigzag,100,100,1.0,0.8,0.9,0.99,0.84,0.915,0.98,0.81,0.895,-0.0050000000000000044,-0.020000000000000018,0.010000000000000009,-0.029999999999999916,6,10,34,8,11,8,9,45
composition_1_2_4,"client_1,client_2,client_4",3,brightness,100,100,0.98,0.32,0.65,0.96,0.02,0.49,0.96,0.02,0.49,-0.16000000000000003,0.0,-0.3,0.0,6,48,33,12,13,6,13,0
composition_1_2_4,"client_1,client_2,client_4",3,zigzag,100,100,0.98,0.79,0.885,0.99,0.79,0.89,0.98,0.79,0.885,0.0,-0.0050000000000000044,0.0,0.0,6,10,26,9,11,10,12,47
composition_1_3,"client_1,client_3",2,brightness,100,100,1.0,0.23,0.615,0.97,0.02,0.495,0.99,0.02,0.505,-0.10999999999999999,0.010000000000000009,-0.21000000000000002,0.0,6,46,29,7,26,6,10,1
composition_1_3,"client_1,client_3",2,zigzag,100,100,1.0,0.81,0.905,0.97,0.83,0.9,0.99,0.83,0.91,0.0050000000000000044,0.010000000000000009,0.019999999999999907,0.0,6,9,30,10,11,8,11,46
composition_1_3_4,"client_1,client_3,client_4",3,brightness,100,100,1.0,0.29,0.645,0.97,0.02,0.495,0.98,0.02,0.5,-0.14500000000000002,0.0050000000000000044,-0.26999999999999996,0.0,6,50,22,14,22,6,11,0
composition_1_3_4,"client_1,client_3,client_4",3,zigzag,100,100,1.0,0.8,0.9,0.99,0.83,0.91,0.99,0.83,0.91,0.010000000000000009,0.0,0.029999999999999916,0.0,6,10,29,11,13,10,11,41
composition_1_4,"client_1,client_4",2,brightness,100,100,0.98,0.39,0.685,0.95,0.02,0.485,0.96,0.02,0.49,-0.19500000000000006,0.0050000000000000044,-0.37,0.0,6,54,36,8,10,6,11,0
composition_1_4,"client_1,client_4",2,zigzag,100,100,0.98,0.8,0.89,0.98,0.83,0.905,0.98,0.8,0.89,0.0,-0.015000000000000013,0.0,-0.029999999999999916,6,14,25,8,12,9,10,47
composition_2,client_2,1,brightness,100,100,1.0,0.18,0.59,0.95,0.02,0.485,0.97,0.02,0.495,-0.09499999999999997,0.010000000000000009,-0.16,0.0,6,53,31,7,13,6,15,0
composition_2,client_2,1,zigzag,100,100,1.0,0.75,0.875,0.97,0.77,0.87,1.0,0.78,0.89,0.015000000000000013,0.020000000000000018,0.030000000000000027,0.010000000000000009,6,13,23,9,11,8,12,49
composition_2_3,"client_2,client_3",2,brightness,100,100,1.0,0.16,0.58,0.94,0.02,0.48,0.95,0.02,0.485,-0.09499999999999997,0.0050000000000000044,-0.14,0.0,6,62,15,11,20,6,11,0
composition_2_3,"client_2,client_3",2,zigzag,100,100,1.0,0.79,0.895,0.99,0.86,0.925,1.0,0.78,0.89,-0.0050000000000000044,-0.03500000000000003,-0.010000000000000009,-0.07999999999999996,6,12,33,8,11,7,10,44
composition_2_3_4,"client_2,client_3,client_4",3,brightness,100,100,1.0,0.22,0.61,0.96,0.02,0.49,0.97,0.02,0.495,-0.11499999999999999,0.0050000000000000044,-0.2,0.0,6,58,28,13,9,6,11,0
composition_2_3_4,"client_2,client_3,client_4",3,zigzag,100,100,1.0,0.81,0.905,0.99,0.87,0.93,0.99,0.82,0.905,0.0,-0.025000000000000022,0.009999999999999898,-0.050000000000000044,6,13,29,9,14,8,10,42
composition_2_4,"client_2,client_4",2,brightness,100,100,0.99,0.3,0.645,0.95,0.02,0.485,0.97,0.02,0.495,-0.15000000000000002,0.010000000000000009,-0.27999999999999997,0.0,6,43,36,10,16,6,14,0
composition_2_4,"client_2,client_4",2,zigzag,100,100,0.99,0.77,0.88,0.97,0.81,0.89,0.99,0.8,0.895,0.015000000000000013,0.0050000000000000044,0.030000000000000027,-0.010000000000000009,6,12,31,7,10,9,10,46
composition_3,client_3,1,brightness,100,100,0.99,0.12,0.555,0.94,0.02,0.48,0.96,0.02,0.49,-0.06500000000000006,0.010000000000000009,-0.09999999999999999,0.0,6,52,40,8,11,6,8,0
composition_3,client_3,1,zigzag,100,100,0.99,0.78,0.885,0.99,0.86,0.925,0.99,0.87,0.93,0.04500000000000004,0.0050000000000000044,0.08999999999999997,0.010000000000000009,6,11,33,7,10,9,9,46
composition_3_4,"client_3,client_4",2,brightness,100,100,1.0,0.23,0.615,0.94,0.02,0.48,0.99,0.02,0.505,-0.10999999999999999,0.025000000000000022,-0.21000000000000002,0.0,6,62,31,8,9,6,9,0
composition_3_4,"client_3,client_4",2,zigzag,100,100,1.0,0.79,0.895,0.99,0.82,0.905,1.0,0.73,0.865,-0.030000000000000027,-0.040000000000000036,-0.06000000000000005,-0.08999999999999997,6,14,26,9,14,7,11,44
composition_4,client_4,1,brightness,100,100,0.99,0.36,0.675,0.92,0.02,0.47,0.94,0.02,0.48,-0.19500000000000006,0.010000000000000009,-0.33999999999999997,0.0,6,42,34,8,19,6,12,4
composition_4,client_4,1,zigzag,100,100,0.99,0.74,0.865,0.97,0.77,0.87,0.95,0.58,0.765,-0.09999999999999998,-0.10499999999999998,-0.16000000000000003,-0.19000000000000006,6,9,20,9,14,8,13,52
