profile_id,composition_name,combination_size,corruption_category,before_accuracy,after_corruption_accuracy,after_substitution_accuracy,accuracy_drop,accuracy_recovery,recovery_ratio,failing_client,recommended_substitute_service,recommended_substitute_client,recommended_substitute_checkpoint,selection_rule,selection_score,candidate_pool_size,candidate_scan_count,num_substitutions,qos_similarity_ratio,data_similarity_ratio,substitution_similarity_ratio,low_similarity_substitute,selection_time_seconds,aggregation_time_seconds,evaluation_time_seconds,case_time_seconds,substituted_latency_seconds,remaining_clients,substituted_client_set,compatibility_mean_ttaas,compatibility_predicted_composable,protected_weights,protected_probe_distances
size1_C1,C1,1,translate,0.9863,0.61,0.82,0.37629999999999997,0.20999999999999996,0.5580653733723093,"[""client_0""]","[""client_0_translate""]","[""client_0""]","[""/Users/deepakkanneganti/Documents/Experimemt 3/MINIST/traditional adaptive composition techniques/tta_adapted_clients/client_0_translate/adapted_client_model.pt""]",tta_existing_model_then_simple_aggregation,1.0,1,1,1,93.72250838889812,73.42210273266244,82.5572852779685,False,0.0,0.006058334000000443,0.05287483299999973,0.33348075000000055,0.05282587499999991,[],"[""client_0""]",1.0,True,"{""client_0"": 1.0}",{}
size2_C1_C2,C1_C2,2,translate,0.9878,0.61,0.61,0.3778,0.0,0.0,"[""client_1""]","[""client_1_translate""]","[""client_1""]","[""/Users/deepakkanneganti/Documents/Experimemt 3/MINIST/traditional adaptive composition techniques/tta_adapted_clients/client_1_translate/adapted_client_model.pt""]",tta_existing_model_then_simple_aggregation,1.0,1,1,1,91.59518235790082,75.13009921099545,82.53938662710289,False,0.0,0.018019584000000144,0.11100495899999974,0.17304366699999996,0.11094920900000016,"[""client_0""]","[""client_0"", ""client_1""]",1.0,True,"{""performing_weight"": 0.9999999990545336, ""tta_weight"": 9.454664819883888e-10, ""bn_performing_weight"": 0.9993042452917844, ""bn_tta_weight"": 0.0006957547082155876}","{""model_pref_distance"": 10.389671325683594, ""bn_pref_distance"": 3.634908676147461}"
size3_C1_C2_C3,C1_C2_C3,3,translate,0.9896,0.61,0.6,0.37960000000000005,-0.010000000000000009,0.0,"[""client_1""]","[""client_1_translate""]","[""client_1""]","[""/Users/deepakkanneganti/Documents/Experimemt 3/MINIST/traditional adaptive composition techniques/tta_adapted_clients/client_1_translate/adapted_client_model.pt""]",tta_existing_model_then_simple_aggregation,1.0,1,1,1,91.59518235790082,75.13009921099545,82.53938662710289,False,0.0,0.01046845800000007,0.04543349999999968,0.0992839589999992,0.045392291999999834,"[""client_0"", ""client_2""]","[""client_0"", ""client_2"", ""client_1""]",1.0,True,"{""performing_weight"": 0.9999999986258623, ""tta_weight"": 1.3741378016565292e-09, ""bn_performing_weight"": 0.9990988289073931, ""bn_tta_weight"": 0.0009011710926068936}","{""model_pref_distance"": 10.202719688415527, ""bn_pref_distance"": 3.5054569244384766}"
size3_C1_C2_C4,C1_C2_C4,3,translate,0.9905,0.57,0.61,0.4205000000000001,0.040000000000000036,0.0951248513674198,"[""client_3""]","[""client_3_translate""]","[""client_3""]","[""/Users/deepakkanneganti/Documents/Experimemt 3/MINIST/traditional adaptive composition techniques/tta_adapted_clients/client_3_translate/adapted_client_model.pt""]",tta_existing_model_then_simple_aggregation,1.0,1,1,1,93.2554714905081,71.59675349438575,81.34317659264082,False,0.0,0.010124582999999632,0.04652266700000052,0.12524079099999952,0.04642933299999985,"[""client_0"", ""client_1""]","[""client_0"", ""client_1"", ""client_3""]",1.0,True,"{""performing_weight"": 0.9999999986241628, ""tta_weight"": 1.3758372200356495e-09, ""bn_performing_weight"": 0.9989508868127265, ""bn_tta_weight"": 0.0010491131872735148}","{""model_pref_distance"": 10.202101707458496, ""bn_pref_distance"": 3.429380178451538}"
size3_C1_C2_C5,C1_C2_C5,3,translate,0.9899,0.66,0.67,0.32989999999999997,0.010000000000000009,0.03031221582297669,"[""client_1""]","[""client_1_translate""]","[""client_1""]","[""/Users/deepakkanneganti/Documents/Experimemt 3/MINIST/traditional adaptive composition techniques/tta_adapted_clients/client_1_translate/adapted_client_model.pt""]",tta_existing_model_then_simple_aggregation,1.0,1,1,1,91.59518235790082,75.13009921099545,82.53938662710289,False,0.0,0.00831012500000039,0.045951250000000776,0.09869791699999997,0.045830749999999476,"[""client_0"", ""client_4""]","[""client_0"", ""client_4"", ""client_1""]",1.0,True,"{""performing_weight"": 0.9999999983027132, ""tta_weight"": 1.6972868637279669e-09, ""bn_performing_weight"": 0.9992793374623266, ""bn_tta_weight"": 0.0007206625376734575}","{""model_pref_distance"": 10.09711742401123, ""bn_pref_distance"": 3.617309331893921}"
size2_C1_C3,C1_C3,2,translate,0.9887,0.62,0.58,0.3687,-0.040000000000000036,0.0,"[""client_0""]","[""client_0_translate""]","[""client_0""]","[""/Users/deepakkanneganti/Documents/Experimemt 3/MINIST/traditional adaptive composition techniques/tta_adapted_clients/client_0_translate/adapted_client_model.pt""]",tta_existing_model_then_simple_aggregation,1.0,1,1,1,93.72250838889812,73.42210273266244,82.5572852779685,False,0.0,0.010789832999999582,0.04148029100000006,0.09356558400000026,0.04144195900000014,"[""client_2""]","[""client_2"", ""client_0""]",1.0,True,"{""performing_weight"": 0.9999999995318511, ""tta_weight"": 4.681487972863998e-10, ""bn_performing_weight"": 0.999358535607525, ""bn_tta_weight"": 0.000641464392475002}","{""model_pref_distance"": 10.741117477416992, ""bn_pref_distance"": 3.6755576133728027}"
size3_C1_C3_C4,C1_C3_C4,3,translate,0.9897,0.56,0.6,0.42969999999999997,0.039999999999999925,0.09308820107051415,"[""client_3""]","[""client_3_translate""]","[""client_3""]","[""/Users/deepakkanneganti/Documents/Experimemt 3/MINIST/traditional adaptive composition techniques/tta_adapted_clients/client_3_translate/adapted_client_model.pt""]",tta_existing_model_then_simple_aggregation,1.0,1,1,1,93.2554714905081,71.59675349438575,81.34317659264082,False,0.0,0.006548500000000068,0.04068483300000025,0.08887437499999962,0.0406356670000001,"[""client_0"", ""client_2""]","[""client_0"", ""client_2"", ""client_3""]",1.0,True,"{""performing_weight"": 0.9999999989603734, ""tta_weight"": 1.0396264949213761e-09, ""bn_performing_weight"": 0.9991256415117203, ""bn_tta_weight"": 0.0008743584882796495}","{""model_pref_distance"": 10.342202186584473, ""bn_pref_distance"": 3.5205726623535156}"
size3_C1_C3_C5,C1_C3_C5,3,translate,0.9906,0.63,0.61,0.36060000000000003,-0.020000000000000018,0.0,"[""client_0""]","[""client_0_translate""]","[""client_0""]","[""/Users/deepakkanneganti/Documents/Experimemt 3/MINIST/traditional adaptive composition techniques/tta_adapted_clients/client_0_translate/adapted_client_model.pt""]",tta_existing_model_then_simple_aggregation,1.0,1,1,1,93.72250838889812,73.42210273266244,82.5572852779685,False,0.0,0.00631175000000006,0.03997279199999948,0.0871839999999997,0.03993504100000056,"[""client_2"", ""client_4""]","[""client_2"", ""client_4"", ""client_0""]",1.0,True,"{""performing_weight"": 0.9999999987481027, ""tta_weight"": 1.2518971399403943e-09, ""bn_performing_weight"": 0.9993702171070786, ""bn_tta_weight"": 0.0006297828929213213}","{""model_pref_distance"": 10.249302864074707, ""bn_pref_distance"": 3.6847527027130127}"
size2_C1_C4,C1_C4,2,translate,0.9892,0.57,0.61,0.4192,0.040000000000000036,0.09541984732824435,"[""client_3""]","[""client_3_translate""]","[""client_3""]","[""/Users/deepakkanneganti/Documents/Experimemt 3/MINIST/traditional adaptive composition techniques/tta_adapted_clients/client_3_translate/adapted_client_model.pt""]",tta_existing_model_then_simple_aggregation,1.0,1,1,1,93.2554714905081,71.59675349438575,81.34317659264082,False,0.0,0.005569292000000559,0.04179929200000032,0.0896606249999996,0.04175412500000064,"[""client_0""]","[""client_0"", ""client_3""]",1.0,True,"{""performing_weight"": 0.9999999992806832, ""tta_weight"": 7.193168833174473e-10, ""bn_performing_weight"": 0.9993557301164068, ""bn_tta_weight"": 0.00064426988359326}","{""model_pref_distance"": 10.526359558105469, ""bn_pref_distance"": 3.6733741760253906}"
size3_C1_C4_C5,C1_C4_C5,3,translate,0.99,0.62,0.67,0.37,0.050000000000000044,0.13513513513513525,"[""client_3""]","[""client_3_translate""]","[""client_3""]","[""/Users/deepakkanneganti/Documents/Experimemt 3/MINIST/traditional adaptive composition techniques/tta_adapted_clients/client_3_translate/adapted_client_model.pt""]",tta_existing_model_then_simple_aggregation,1.0,1,1,1,93.2554714905081,71.59675349438575,81.34317659264082,False,0.0,0.006006750000000061,0.043125582999999246,0.09036450000000062,0.043088665999999165,"[""client_0"", ""client_4""]","[""client_0"", ""client_4"", ""client_3""]",1.0,True,"{""performing_weight"": 0.9999999987095234, ""tta_weight"": 1.2904767238142201e-09, ""bn_performing_weight"": 0.9993344077360574, ""bn_tta_weight"": 0.0006655922639426248}","{""model_pref_distance"": 10.234127044677734, ""bn_pref_distance"": 3.657083749771118}"
size2_C1_C5,C1_C5,2,translate,0.9897,0.67,0.59,0.3197,-0.08000000000000007,0.0,"[""client_0""]","[""client_0_translate""]","[""client_0""]","[""/Users/deepakkanneganti/Documents/Experimemt 3/MINIST/traditional adaptive composition techniques/tta_adapted_clients/client_0_translate/adapted_client_model.pt""]",tta_existing_model_then_simple_aggregation,1.0,1,1,1,93.72250838889812,73.42210273266244,82.5572852779685,False,0.0,0.005170291999999854,0.03985937499999981,0.08598112499999999,0.039819707999999565,"[""client_4""]","[""client_4"", ""client_0""]",1.0,True,"{""performing_weight"": 0.9999999992020632, ""tta_weight"": 7.97936771575479e-10, ""bn_performing_weight"": 0.9996037227928762, ""bn_tta_weight"": 0.0003962772071237183}","{""model_pref_distance"": 10.474495887756348, ""bn_pref_distance"": 3.9165000915527344}"
size1_C2,C2,1,translate,0.9843,0.55,0.81,0.4342999999999999,0.26,0.5986645176145523,"[""client_1""]","[""client_1_translate""]","[""client_1""]","[""/Users/deepakkanneganti/Documents/Experimemt 3/MINIST/traditional adaptive composition techniques/tta_adapted_clients/client_1_translate/adapted_client_model.pt""]",tta_existing_model_then_simple_aggregation,1.0,1,1,1,91.59518235790082,75.13009921099545,82.53938662710289,False,0.0,0.0031285829999996295,0.04115908300000015,0.08558874999999944,0.04112604200000014,[],"[""client_1""]",1.0,True,"{""client_1"": 1.0}",{}
size2_C2_C3,C2_C3,2,translate,0.9883,0.56,0.58,0.4282999999999999,0.019999999999999907,0.04669624095260311,"[""client_1""]","[""client_1_translate""]","[""client_1""]","[""/Users/deepakkanneganti/Documents/Experimemt 3/MINIST/traditional adaptive composition techniques/tta_adapted_clients/client_1_translate/adapted_client_model.pt""]",tta_existing_model_then_simple_aggregation,1.0,1,1,1,91.59518235790082,75.13009921099545,82.53938662710289,False,0.0,0.006030625000000178,0.0399737499999997,0.08561166699999934,0.03994029099999974,"[""client_2""]","[""client_2"", ""client_1""]",1.0,True,"{""performing_weight"": 0.9999999995059492, ""tta_weight"": 4.940507445151917e-10, ""bn_performing_weight"": 0.999224719773874, ""bn_tta_weight"": 0.0007752802261260618}","{""model_pref_distance"": 10.714191436767578, ""bn_pref_distance"": 3.5807552337646484}"
size3_C2_C3_C4,C2_C3_C4,3,translate,0.9893,0.56,0.57,0.4292999999999999,0.009999999999999898,0.023293733985557653,"[""client_3""]","[""client_3_translate""]","[""client_3""]","[""/Users/deepakkanneganti/Documents/Experimemt 3/MINIST/traditional adaptive composition techniques/tta_adapted_clients/client_3_translate/adapted_client_model.pt""]",tta_existing_model_then_simple_aggregation,1.0,1,1,1,93.2554714905081,71.59675349438575,81.34317659264082,False,0.0,0.013348917000000071,0.04932008300000046,0.11977879199999997,0.04926058300000058,"[""client_1"", ""client_2""]","[""client_1"", ""client_2"", ""client_3""]",1.0,True,"{""performing_weight"": 0.9999999989314521, ""tta_weight"": 1.0685478046518902e-09, ""bn_performing_weight"": 0.9988842094684808, ""bn_tta_weight"": 0.0011157905315192728}","{""model_pref_distance"": 10.328482627868652, ""bn_pref_distance"": 3.3985378742218018}"
size3_C2_C3_C5,C2_C3_C5,3,translate,0.9889,0.6,0.61,0.3889,0.010000000000000009,0.025713551041398837,"[""client_1""]","[""client_1_translate""]","[""client_1""]","[""/Users/deepakkanneganti/Documents/Experimemt 3/MINIST/traditional adaptive composition techniques/tta_adapted_clients/client_1_translate/adapted_client_model.pt""]",tta_existing_model_then_simple_aggregation,1.0,1,1,1,91.59518235790082,75.13009921099545,82.53938662710289,False,0.0,0.00923570900000037,0.047146917000000066,0.09982879199999939,0.04710399999999915,"[""client_2"", ""client_4""]","[""client_2"", ""client_4"", ""client_1""]",1.0,True,"{""performing_weight"": 0.9999999986732995, ""tta_weight"": 1.326700414433071e-09, ""bn_performing_weight"": 0.9991792408777844, ""bn_tta_weight"": 0.0008207591222155884}","{""model_pref_distance"": 10.220285415649414, ""bn_pref_distance"": 3.552229881286621}"
size2_C2_C4,C2_C4,2,translate,0.9888,0.57,0.55,0.41880000000000006,-0.019999999999999907,0.0,"[""client_3""]","[""client_3_translate""]","[""client_3""]","[""/Users/deepakkanneganti/Documents/Experimemt 3/MINIST/traditional adaptive composition techniques/tta_adapted_clients/client_3_translate/adapted_client_model.pt""]",tta_existing_model_then_simple_aggregation,1.0,1,1,1,93.2554714905081,71.59675349438575,81.34317659264082,False,0.0,0.005475083000000325,0.04094687500000038,0.08982733400000065,0.04091083399999995,"[""client_1""]","[""client_1"", ""client_3""]",1.0,True,"{""performing_weight"": 0.9999999992127362, ""tta_weight"": 7.872638645897689e-10, ""bn_performing_weight"": 0.9987955850917191, ""bn_tta_weight"": 0.0012044149082809268}","{""model_pref_distance"": 10.481228828430176, ""bn_pref_distance"": 3.3602781295776367}"
size3_C2_C4_C5,C2_C4_C5,3,translate,0.9896,0.59,0.6,0.39960000000000007,0.010000000000000009,0.025025025025025044,"[""client_3""]","[""client_3_translate""]","[""client_3""]","[""/Users/deepakkanneganti/Documents/Experimemt 3/MINIST/traditional adaptive composition techniques/tta_adapted_clients/client_3_translate/adapted_client_model.pt""]",tta_existing_model_then_simple_aggregation,1.0,1,1,1,93.2554714905081,71.59675349438575,81.34317659264082,False,0.0,0.0076860840000003705,0.04062545800000006,0.09245537500000012,0.04058658299999962,"[""client_1"", ""client_4""]","[""client_1"", ""client_4"", ""client_3""]",1.0,True,"{""performing_weight"": 0.9999999986907653, ""tta_weight"": 1.309234718922614e-09, ""bn_performing_weight"": 0.9990301722709717, ""bn_tta_weight"": 0.0009698277290282724}","{""model_pref_distance"": 10.226911544799805, ""bn_pref_distance"": 3.4687108993530273}"
size2_C2_C5,C2_C5,2,translate,0.9882,0.57,0.59,0.4182,0.020000000000000018,0.04782400765184126,"[""client_1""]","[""client_1_translate""]","[""client_1""]","[""/Users/deepakkanneganti/Documents/Experimemt 3/MINIST/traditional adaptive composition techniques/tta_adapted_clients/client_1_translate/adapted_client_model.pt""]",tta_existing_model_then_simple_aggregation,1.0,1,1,1,91.59518235790082,75.13009921099545,82.53938662710289,False,0.0,0.0055734579999997536,0.04029262500000019,0.08590512500000003,0.04025170799999955,"[""client_4""]","[""client_4"", ""client_1""]",1.0,True,"{""performing_weight"": 0.9999999991540962, ""tta_weight"": 8.459037907421052e-10, ""bn_performing_weight"": 0.9994539890088007, ""bn_tta_weight"": 0.000546010991199283}","{""model_pref_distance"": 10.445307731628418, ""bn_pref_distance"": 3.756162643432617}"
size1_C3,C3,1,translate,0.9872,0.58,0.76,0.4072,0.18000000000000005,0.44204322200392937,"[""client_2""]","[""client_2_translate""]","[""client_2""]","[""/Users/deepakkanneganti/Documents/Experimemt 3/MINIST/traditional adaptive composition techniques/tta_adapted_clients/client_2_translate/adapted_client_model.pt""]",tta_existing_model_then_simple_aggregation,1.0,1,1,1,93.26739393394205,73.73216596297608,82.52301854991077,False,0.0,0.005217582999999415,0.042190249999999985,0.0949748330000002,0.042147334000000036,[],"[""client_2""]",1.0,True,"{""client_2"": 1.0}",{}
size2_C3_C4,C3_C4,2,translate,0.9871,0.57,0.58,0.4171,0.010000000000000009,0.02397506593143133,"[""client_3""]","[""client_3_translate""]","[""client_3""]","[""/Users/deepakkanneganti/Documents/Experimemt 3/MINIST/traditional adaptive composition techniques/tta_adapted_clients/client_3_translate/adapted_client_model.pt""]",tta_existing_model_then_simple_aggregation,1.0,1,1,1,93.2554714905081,71.59675349438575,81.34317659264082,False,0.0,0.0055418750000004735,0.04144433299999939,0.09087554200000003,0.04140462499999931,"[""client_2""]","[""client_2"", ""client_3""]",1.0,True,"{""performing_weight"": 0.999999999621495, ""tta_weight"": 3.785050049731147e-10, ""bn_performing_weight"": 0.9992096909458064, ""bn_tta_weight"": 0.0007903090541935994}","{""model_pref_distance"": 10.847395896911621, ""bn_pref_distance"": 3.571147918701172}"
size3_C3_C4_C5,C3_C4_C5,3,translate,0.9897,0.56,0.61,0.42969999999999997,0.04999999999999993,0.11636025133814275,"[""client_3""]","[""client_3_translate""]","[""client_3""]","[""/Users/deepakkanneganti/Documents/Experimemt 3/MINIST/traditional adaptive composition techniques/tta_adapted_clients/client_3_translate/adapted_client_model.pt""]",tta_existing_model_then_simple_aggregation,1.0,1,1,1,93.2554714905081,71.59675349438575,81.34317659264082,False,0.0,0.006052249999999759,0.04191104200000062,0.09047520799999997,0.04187662499999956,"[""client_2"", ""client_4""]","[""client_2"", ""client_4"", ""client_3""]",1.0,True,"{""performing_weight"": 0.999999998988649, ""tta_weight"": 1.0113508908990054e-09, ""bn_performing_weight"": 0.999205178340726, ""bn_tta_weight"": 0.0007948216592740281}","{""model_pref_distance"": 10.355989456176758, ""bn_pref_distance"": 3.568298816680908}"
size2_C3_C5,C3_C5,2,translate,0.9886,0.61,0.59,0.37860000000000005,-0.020000000000000018,0.0,"[""client_2""]","[""client_2_translate""]","[""client_2""]","[""/Users/deepakkanneganti/Documents/Experimemt 3/MINIST/traditional adaptive composition techniques/tta_adapted_clients/client_2_translate/adapted_client_model.pt""]",tta_existing_model_then_simple_aggregation,1.0,1,1,1,93.26739393394205,73.73216596297608,82.52301854991077,False,0.0,0.005617624999999293,0.04116829200000005,0.08795458300000014,0.041125499999999704,"[""client_4""]","[""client_4"", ""client_2""]",1.0,True,"{""performing_weight"": 0.9999999990823456, ""tta_weight"": 9.176543960726237e-10, ""bn_performing_weight"": 0.9995399412793409, ""bn_tta_weight"": 0.0004600587206591766}","{""model_pref_distance"": 10.404600143432617, ""bn_pref_distance"": 3.841848134994507}"
size1_C4,C4,1,translate,0.9779,0.56,0.84,0.41789999999999994,0.2799999999999999,0.6700167504187604,"[""client_3""]","[""client_3_translate""]","[""client_3""]","[""/Users/deepakkanneganti/Documents/Experimemt 3/MINIST/traditional adaptive composition techniques/tta_adapted_clients/client_3_translate/adapted_client_model.pt""]",tta_existing_model_then_simple_aggregation,1.0,1,1,1,93.2554714905081,71.59675349438575,81.34317659264082,False,0.0,0.003444875000000458,0.04018316700000035,0.08500574999999966,0.04014625000000027,[],"[""client_3""]",1.0,True,"{""client_3"": 1.0}",{}
size2_C4_C5,C4_C5,2,translate,0.989,0.56,0.59,0.42899999999999994,0.029999999999999916,0.06993006993006974,"[""client_3""]","[""client_3_translate""]","[""client_3""]","[""/Users/deepakkanneganti/Documents/Experimemt 3/MINIST/traditional adaptive composition techniques/tta_adapted_clients/client_3_translate/adapted_client_model.pt""]",tta_existing_model_then_simple_aggregation,1.0,1,1,1,93.2554714905081,71.59675349438575,81.34317659264082,False,0.0,0.005466333000000212,0.04615983299999993,0.09200412499999988,0.04611758300000002,"[""client_4""]","[""client_4"", ""client_3""]",1.0,True,"{""performing_weight"": 0.9999999993465218, ""tta_weight"": 6.534780490234507e-10, ""bn_performing_weight"": 0.9994953442675589, ""bn_tta_weight"": 0.0005046557324411146}","{""model_pref_distance"": 10.574356079101562, ""bn_pref_distance"": 3.795564651489258}"
size1_C5,C5,1,translate,0.9868,0.59,0.83,0.39680000000000004,0.24,0.6048387096774193,"[""client_4""]","[""client_4_translate""]","[""client_4""]","[""/Users/deepakkanneganti/Documents/Experimemt 3/MINIST/traditional adaptive composition techniques/tta_adapted_clients/client_4_translate/adapted_client_model.pt""]",tta_existing_model_then_simple_aggregation,1.0,1,1,1,95.503828902893,78.20094523985016,85.98724288821944,False,0.0,0.006861749999999667,0.04517270900000003,0.11454529200000074,0.04513108399999943,[],"[""client_4""]",1.0,True,"{""client_4"": 1.0}",{}
size4_C1_C2_C4_C5,C1_C2_C4_C5,4,translate,0.9906,0.61,0.65,0.38060000000000005,0.040000000000000036,0.1050972149238046,"[""client_3""]","[""client_3_translate""]","[""client_3""]","[""/Users/deepakkanneganti/Documents/Experimemt 3/MINIST/traditional adaptive composition techniques/tta_adapted_clients/client_3_translate/adapted_client_model.pt""]",tta_existing_model_then_simple_aggregation,1.0,1,1,1,93.2554714905081,71.59675349438575,81.34317659264082,False,0.0,0.007640875000000769,0.041181749999999795,0.08986437499999944,0.04114441699999993,"[""client_0"", ""client_1"", ""client_4""]","[""client_0"", ""client_1"", ""client_4"", ""client_3""]",1.0,True,"{""performing_weight"": 0.9999999983685446, ""tta_weight"": 1.6314555235681389e-09, ""bn_performing_weight"": 0.9990662668365268, ""bn_tta_weight"": 0.0009337331634731737}","{""model_pref_distance"": 10.116896629333496, ""bn_pref_distance"": 3.4876928329467773}"
