tta_method,composition_id,composition_clients,composition_length,corruption,clean_samples,corruption_samples,before_clean_accuracy,before_corruption_accuracy,before_mixed_accuracy,adapted_clean_accuracy,adapted_corruption_accuracy,adapted_mixed_accuracy,gain_clean,gain_corruption,gain_mixed
tent,composition_0,client_0,1,brightness,100,100,0.98,0.2,0.59,0.99,0.93,0.855,0.010000000000000009,0.73,0.265
tta_bn,composition_0,client_0,1,brightness,100,100,0.98,0.2,0.59,0.34,0.9,0.62,-0.6399999999999999,0.7,0.030000000000000027
tta_memo,composition_0,client_0,1,brightness,100,100,0.98,0.2,0.59,0.95,0.51,0.73,-0.030000000000000027,0.31,0.14
tent,composition_0,client_0,1,zigzag,100,100,0.98,0.77,0.875,0.99,0.82,0.895,0.010000000000000009,0.04999999999999993,0.020000000000000018
tta_bn,composition_0,client_0,1,zigzag,100,100,0.98,0.77,0.875,0.95,0.83,0.89,-0.030000000000000027,0.05999999999999994,0.015000000000000013
tta_memo,composition_0,client_0,1,zigzag,100,100,0.98,0.77,0.875,0.99,0.79,0.89,0.010000000000000009,0.020000000000000018,0.015000000000000013
tent,composition_0_1,"client_0,client_1",2,brightness,100,100,0.99,0.31,0.65,0.99,0.94,0.855,0.0,0.6299999999999999,0.20499999999999996
tta_bn,composition_0_1,"client_0,client_1",2,brightness,100,100,0.99,0.31,0.65,0.39,0.91,0.65,-0.6,0.6000000000000001,0.0
tta_memo,composition_0_1,"client_0,client_1",2,brightness,100,100,0.99,0.31,0.65,0.94,0.55,0.745,-0.050000000000000044,0.24000000000000005,0.09499999999999997
tent,composition_0_1,"client_0,client_1",2,zigzag,100,100,0.99,0.79,0.89,0.99,0.83,0.91,0.0,0.039999999999999925,0.020000000000000018
tta_bn,composition_0_1,"client_0,client_1",2,zigzag,100,100,0.99,0.79,0.89,0.97,0.85,0.91,-0.020000000000000018,0.05999999999999994,0.020000000000000018
tta_memo,composition_0_1,"client_0,client_1",2,zigzag,100,100,0.99,0.79,0.89,0.98,0.79,0.885,-0.010000000000000009,0.0,-0.0050000000000000044
tent,composition_0_1_2,"client_0,client_1,client_2",3,brightness,100,100,1.0,0.26,0.63,1.0,0.97,0.88,0.0,0.71,0.25
tta_bn,composition_0_1_2,"client_0,client_1,client_2",3,brightness,100,100,1.0,0.26,0.63,0.46,0.95,0.705,-0.54,0.69,0.07499999999999996
tta_memo,composition_0_1_2,"client_0,client_1,client_2",3,brightness,100,100,1.0,0.26,0.63,0.95,0.44,0.695,-0.050000000000000044,0.18,0.06499999999999995
tent,composition_0_1_2,"client_0,client_1,client_2",3,zigzag,100,100,1.0,0.79,0.895,1.0,0.81,0.91,0.0,0.020000000000000018,0.015000000000000013
tta_bn,composition_0_1_2,"client_0,client_1,client_2",3,zigzag,100,100,1.0,0.79,0.895,0.99,0.82,0.905,-0.010000000000000009,0.029999999999999916,0.010000000000000009
tta_memo,composition_0_1_2,"client_0,client_1,client_2",3,zigzag,100,100,1.0,0.79,0.895,1.0,0.79,0.895,0.0,0.0,0.0
tent,composition_0_1_2_3,"client_0,client_1,client_2,client_3",4,brightness,100,100,1.0,0.2,0.6,1.0,0.97,0.88,0.0,0.77,0.28
tta_bn,composition_0_1_2_3,"client_0,client_1,client_2,client_3",4,brightness,100,100,1.0,0.2,0.6,0.49,0.97,0.73,-0.51,0.77,0.13
tta_memo,composition_0_1_2_3,"client_0,client_1,client_2,client_3",4,brightness,100,100,1.0,0.2,0.6,0.97,0.43,0.7,-0.030000000000000027,0.22999999999999998,0.09999999999999998
tent,composition_0_1_2_3,"client_0,client_1,client_2,client_3",4,zigzag,100,100,1.0,0.8,0.9,1.0,0.83,0.905,0.0,0.029999999999999916,0.0050000000000000044
tta_bn,composition_0_1_2_3,"client_0,client_1,client_2,client_3",4,zigzag,100,100,1.0,0.8,0.9,0.99,0.84,0.915,-0.010000000000000009,0.039999999999999925,0.015000000000000013
tta_memo,composition_0_1_2_3,"client_0,client_1,client_2,client_3",4,zigzag,100,100,1.0,0.8,0.9,1.0,0.8,0.9,0.0,0.0,0.0
tent,composition_0_1_2_3_4,"client_0,client_1,client_2,client_3,client_4",5,brightness,100,100,1.0,0.23,0.615,1.0,0.97,0.885,0.0,0.74,0.27
tta_bn,composition_0_1_2_3_4,"client_0,client_1,client_2,client_3,client_4",5,brightness,100,100,1.0,0.23,0.615,0.51,0.96,0.735,-0.49,0.73,0.12
tta_memo,composition_0_1_2_3_4,"client_0,client_1,client_2,client_3,client_4",5,brightness,100,100,1.0,0.23,0.615,0.97,0.45,0.71,-0.030000000000000027,0.22,0.09499999999999997
tent,composition_0_1_2_3_4,"client_0,client_1,client_2,client_3,client_4",5,zigzag,100,100,1.0,0.79,0.895,1.0,0.81,0.9,0.0,0.020000000000000018,0.0050000000000000044
tta_bn,composition_0_1_2_3_4,"client_0,client_1,client_2,client_3,client_4",5,zigzag,100,100,1.0,0.79,0.895,0.99,0.82,0.905,-0.010000000000000009,0.029999999999999916,0.010000000000000009
tta_memo,composition_0_1_2_3_4,"client_0,client_1,client_2,client_3,client_4",5,zigzag,100,100,1.0,0.79,0.895,1.0,0.79,0.895,0.0,0.0,0.0
tent,composition_0_1_2_4,"client_0,client_1,client_2,client_4",4,brightness,100,100,1.0,0.3,0.65,1.0,0.97,0.88,0.0,0.6699999999999999,0.22999999999999998
tta_bn,composition_0_1_2_4,"client_0,client_1,client_2,client_4",4,brightness,100,100,1.0,0.3,0.65,0.5,0.94,0.72,-0.5,0.6399999999999999,0.06999999999999995
tta_memo,composition_0_1_2_4,"client_0,client_1,client_2,client_4",4,brightness,100,100,1.0,0.3,0.65,0.94,0.49,0.715,-0.06000000000000005,0.19,0.06499999999999995
tent,composition_0_1_2_4,"client_0,client_1,client_2,client_4",4,zigzag,100,100,1.0,0.79,0.895,1.0,0.81,0.905,0.0,0.020000000000000018,0.010000000000000009
tta_bn,composition_0_1_2_4,"client_0,client_1,client_2,client_4",4,zigzag,100,100,1.0,0.79,0.895,0.99,0.81,0.9,-0.010000000000000009,0.020000000000000018,0.0050000000000000044
tta_memo,composition_0_1_2_4,"client_0,client_1,client_2,client_4",4,zigzag,100,100,1.0,0.79,0.895,0.99,0.79,0.89,-0.010000000000000009,0.0,-0.0050000000000000044
tent,composition_0_1_3,"client_0,client_1,client_3",3,brightness,100,100,1.0,0.22,0.61,1.0,0.97,0.875,0.0,0.75,0.265
tta_bn,composition_0_1_3,"client_0,client_1,client_3",3,brightness,100,100,1.0,0.22,0.61,0.47,0.96,0.715,-0.53,0.74,0.10499999999999998
tta_memo,composition_0_1_3,"client_0,client_1,client_3",3,brightness,100,100,1.0,0.22,0.61,0.97,0.44,0.705,-0.030000000000000027,0.22,0.09499999999999997
tent,composition_0_1_3,"client_0,client_1,client_3",3,zigzag,100,100,1.0,0.8,0.9,1.0,0.83,0.915,0.0,0.029999999999999916,0.015000000000000013
tta_bn,composition_0_1_3,"client_0,client_1,client_3",3,zigzag,100,100,1.0,0.8,0.9,0.98,0.85,0.915,-0.020000000000000018,0.04999999999999993,0.015000000000000013
tta_memo,composition_0_1_3,"client_0,client_1,client_3",3,zigzag,100,100,1.0,0.8,0.9,1.0,0.8,0.9,0.0,0.0,0.0
tent,composition_0_1_3_4,"client_0,client_1,client_3,client_4",4,brightness,100,100,1.0,0.29,0.645,1.0,0.97,0.88,0.0,0.6799999999999999,0.235
tta_bn,composition_0_1_3_4,"client_0,client_1,client_3,client_4",4,brightness,100,100,1.0,0.29,0.645,0.49,0.95,0.72,-0.51,0.6599999999999999,0.07499999999999996
tta_memo,composition_0_1_3_4,"client_0,client_1,client_3,client_4",4,brightness,100,100,1.0,0.29,0.645,0.96,0.49,0.725,-0.040000000000000036,0.2,0.07999999999999996
tent,composition_0_1_3_4,"client_0,client_1,client_3,client_4",4,zigzag,100,100,1.0,0.8,0.9,1.0,0.81,0.905,0.0,0.010000000000000009,0.0050000000000000044
tta_bn,composition_0_1_3_4,"client_0,client_1,client_3,client_4",4,zigzag,100,100,1.0,0.8,0.9,0.99,0.82,0.905,-0.010000000000000009,0.019999999999999907,0.0050000000000000044
tta_memo,composition_0_1_3_4,"client_0,client_1,client_3,client_4",4,zigzag,100,100,1.0,0.8,0.9,1.0,0.8,0.9,0.0,0.0,0.0
tent,composition_0_1_4,"client_0,client_1,client_4",3,brightness,100,100,0.99,0.35,0.67,1.0,0.96,0.865,0.010000000000000009,0.61,0.19499999999999995
tta_bn,composition_0_1_4,"client_0,client_1,client_4",3,brightness,100,100,0.99,0.35,0.67,0.45,0.93,0.69,-0.54,0.5800000000000001,0.019999999999999907
tta_memo,composition_0_1_4,"client_0,client_1,client_4",3,brightness,100,100,0.99,0.35,0.67,0.94,0.58,0.76,-0.050000000000000044,0.22999999999999998,0.08999999999999997
tent,composition_0_1_4,"client_0,client_1,client_4",3,zigzag,100,100,0.99,0.8,0.895,1.0,0.81,0.9,0.010000000000000009,0.010000000000000009,0.0050000000000000044
tta_bn,composition_0_1_4,"client_0,client_1,client_4",3,zigzag,100,100,0.99,0.8,0.895,0.97,0.82,0.895,-0.020000000000000018,0.019999999999999907,0.0
tta_memo,composition_0_1_4,"client_0,client_1,client_4",3,zigzag,100,100,0.99,0.8,0.895,0.98,0.8,0.89,-0.010000000000000009,0.0,-0.0050000000000000044
tent,composition_0_2,"client_0,client_2",2,brightness,100,100,1.0,0.18,0.59,1.0,0.95,0.865,0.0,0.77,0.275
tta_bn,composition_0_2,"client_0,client_2",2,brightness,100,100,1.0,0.18,0.59,0.46,0.96,0.71,-0.54,0.78,0.12
tta_memo,composition_0_2,"client_0,client_2",2,brightness,100,100,1.0,0.18,0.59,0.96,0.39,0.675,-0.040000000000000036,0.21000000000000002,0.08500000000000008
tent,composition_0_2,"client_0,client_2",2,zigzag,100,100,1.0,0.77,0.885,1.0,0.82,0.905,0.0,0.04999999999999993,0.020000000000000018
tta_bn,composition_0_2,"client_0,client_2",2,zigzag,100,100,1.0,0.77,0.885,0.99,0.82,0.905,-0.010000000000000009,0.04999999999999993,0.020000000000000018
tta_memo,composition_0_2,"client_0,client_2",2,zigzag,100,100,1.0,0.77,0.885,1.0,0.8,0.9,0.0,0.030000000000000027,0.015000000000000013
tent,composition_0_2_3,"client_0,client_2,client_3",3,brightness,100,100,1.0,0.17,0.585,1.0,0.97,0.875,0.0,0.7999999999999999,0.29000000000000004
tta_bn,composition_0_2_3,"client_0,client_2,client_3",3,brightness,100,100,1.0,0.17,0.585,0.48,0.97,0.725,-0.52,0.7999999999999999,0.14
tta_memo,composition_0_2_3,"client_0,client_2,client_3",3,brightness,100,100,1.0,0.17,0.585,0.97,0.35,0.66,-0.030000000000000027,0.17999999999999997,0.07500000000000007
tent,composition_0_2_3,"client_0,client_2,client_3",3,zigzag,100,100,1.0,0.79,0.895,1.0,0.84,0.91,0.0,0.04999999999999993,0.015000000000000013
tta_bn,composition_0_2_3,"client_0,client_2,client_3",3,zigzag,100,100,1.0,0.79,0.895,0.99,0.85,0.92,-0.010000000000000009,0.05999999999999994,0.025000000000000022
tta_memo,composition_0_2_3,"client_0,client_2,client_3",3,zigzag,100,100,1.0,0.79,0.895,1.0,0.81,0.905,0.0,0.020000000000000018,0.010000000000000009
tent,composition_0_2_3_4,"client_0,client_2,client_3,client_4",4,brightness,100,100,1.0,0.2,0.6,1.0,0.98,0.88,0.0,0.78,0.28
tta_bn,composition_0_2_3_4,"client_0,client_2,client_3,client_4",4,brightness,100,100,1.0,0.2,0.6,0.5,0.97,0.735,-0.5,0.77,0.135
tta_memo,composition_0_2_3_4,"client_0,client_2,client_3,client_4",4,brightness,100,100,1.0,0.2,0.6,0.97,0.43,0.7,-0.030000000000000027,0.22999999999999998,0.09999999999999998
tent,composition_0_2_3_4,"client_0,client_2,client_3,client_4",4,zigzag,100,100,1.0,0.79,0.895,1.0,0.83,0.905,0.0,0.039999999999999925,0.010000000000000009
tta_bn,composition_0_2_3_4,"client_0,client_2,client_3,client_4",4,zigzag,100,100,1.0,0.79,0.895,0.99,0.84,0.915,-0.010000000000000009,0.04999999999999993,0.020000000000000018
tta_memo,composition_0_2_3_4,"client_0,client_2,client_3,client_4",4,zigzag,100,100,1.0,0.79,0.895,1.0,0.79,0.895,0.0,0.0,0.0
tent,composition_0_2_4,"client_0,client_2,client_4",3,brightness,100,100,1.0,0.24,0.62,1.0,0.98,0.88,0.0,0.74,0.26
tta_bn,composition_0_2_4,"client_0,client_2,client_4",3,brightness,100,100,1.0,0.24,0.62,0.49,0.96,0.725,-0.51,0.72,0.10499999999999998
tta_memo,composition_0_2_4,"client_0,client_2,client_4",3,brightness,100,100,1.0,0.24,0.62,0.96,0.47,0.715,-0.040000000000000036,0.22999999999999998,0.09499999999999997
tent,composition_0_2_4,"client_0,client_2,client_4",3,zigzag,100,100,1.0,0.78,0.89,1.0,0.83,0.91,0.0,0.04999999999999993,0.020000000000000018
tta_bn,composition_0_2_4,"client_0,client_2,client_4",3,zigzag,100,100,1.0,0.78,0.89,0.99,0.83,0.91,-0.010000000000000009,0.04999999999999993,0.020000000000000018
tta_memo,composition_0_2_4,"client_0,client_2,client_4",3,zigzag,100,100,1.0,0.78,0.89,1.0,0.79,0.895,0.0,0.010000000000000009,0.0050000000000000044
tent,composition_0_3,"client_0,client_3",2,brightness,100,100,1.0,0.16,0.58,1.0,0.98,0.875,0.0,0.82,0.29500000000000004
tta_bn,composition_0_3,"client_0,client_3",2,brightness,100,100,1.0,0.16,0.58,0.46,0.97,0.715,-0.54,0.8099999999999999,0.135
tta_memo,composition_0_3,"client_0,client_3",2,brightness,100,100,1.0,0.16,0.58,0.97,0.36,0.665,-0.030000000000000027,0.19999999999999998,0.08500000000000008
tent,composition_0_3,"client_0,client_3",2,zigzag,100,100,1.0,0.81,0.905,1.0,0.83,0.92,0.0,0.019999999999999907,0.015000000000000013
tta_bn,composition_0_3,"client_0,client_3",2,zigzag,100,100,1.0,0.81,0.905,0.98,0.87,0.925,-0.020000000000000018,0.05999999999999994,0.020000000000000018
tta_memo,composition_0_3,"client_0,client_3",2,zigzag,100,100,1.0,0.81,0.905,1.0,0.82,0.91,0.0,0.009999999999999898,0.0050000000000000044
tent,composition_0_3_4,"client_0,client_3,client_4",3,brightness,100,100,1.0,0.21,0.605,1.0,0.97,0.88,0.0,0.76,0.275
tta_bn,composition_0_3_4,"client_0,client_3,client_4",3,brightness,100,100,1.0,0.21,0.605,0.49,0.96,0.725,-0.51,0.75,0.12
tta_memo,composition_0_3_4,"client_0,client_3,client_4",3,brightness,100,100,1.0,0.21,0.605,0.97,0.45,0.71,-0.030000000000000027,0.24000000000000002,0.10499999999999998
tent,composition_0_3_4,"client_0,client_3,client_4",3,zigzag,100,100,1.0,0.77,0.885,1.0,0.82,0.91,0.0,0.04999999999999993,0.025000000000000022
tta_bn,composition_0_3_4,"client_0,client_3,client_4",3,zigzag,100,100,1.0,0.77,0.885,0.99,0.85,0.92,-0.010000000000000009,0.07999999999999996,0.03500000000000003
tta_memo,composition_0_3_4,"client_0,client_3,client_4",3,zigzag,100,100,1.0,0.77,0.885,1.0,0.8,0.9,0.0,0.030000000000000027,0.015000000000000013
tent,composition_0_4,"client_0,client_4",2,brightness,100,100,1.0,0.29,0.645,1.0,0.96,0.88,0.0,0.6699999999999999,0.235
tta_bn,composition_0_4,"client_0,client_4",2,brightness,100,100,1.0,0.29,0.645,0.45,0.94,0.695,-0.55,0.6499999999999999,0.04999999999999993
tta_memo,composition_0_4,"client_0,client_4",2,brightness,100,100,1.0,0.29,0.645,0.96,0.57,0.765,-0.040000000000000036,0.27999999999999997,0.12
tent,composition_0_4,"client_0,client_4",2,zigzag,100,100,1.0,0.78,0.89,1.0,0.81,0.895,0.0,0.030000000000000027,0.0050000000000000044
tta_bn,composition_0_4,"client_0,client_4",2,zigzag,100,100,1.0,0.78,0.89,0.98,0.85,0.915,-0.020000000000000018,0.06999999999999995,0.025000000000000022
tta_memo,composition_0_4,"client_0,client_4",2,zigzag,100,100,1.0,0.78,0.89,0.99,0.8,0.895,-0.010000000000000009,0.020000000000000018,0.0050000000000000044
tent,composition_1,client_1,1,brightness,100,100,0.98,0.34,0.66,0.98,0.95,0.86,0.0,0.6099999999999999,0.19999999999999996
tta_bn,composition_1,client_1,1,brightness,100,100,0.98,0.34,0.66,0.41,0.93,0.67,-0.5700000000000001,0.5900000000000001,0.010000000000000009
tta_memo,composition_1,client_1,1,brightness,100,100,0.98,0.34,0.66,0.92,0.51,0.715,-0.05999999999999994,0.16999999999999998,0.05499999999999994
tent,composition_1,client_1,1,zigzag,100,100,0.98,0.81,0.895,0.98,0.82,0.9,0.0,0.009999999999999898,0.0050000000000000044
tta_bn,composition_1,client_1,1,zigzag,100,100,0.98,0.81,0.895,0.96,0.85,0.905,-0.020000000000000018,0.039999999999999925,0.010000000000000009
tta_memo,composition_1,client_1,1,zigzag,100,100,0.98,0.81,0.895,0.98,0.81,0.895,0.0,0.0,0.0
tent,composition_1_2,"client_1,client_2",2,brightness,100,100,1.0,0.27,0.635,1.0,0.97,0.875,0.0,0.7,0.24
tta_bn,composition_1_2,"client_1,client_2",2,brightness,100,100,1.0,0.27,0.635,0.49,0.96,0.725,-0.51,0.69,0.08999999999999997
tta_memo,composition_1_2,"client_1,client_2",2,brightness,100,100,1.0,0.27,0.635,0.94,0.45,0.695,-0.06000000000000005,0.18,0.05999999999999994
tent,composition_1_2,"client_1,client_2",2,zigzag,100,100,1.0,0.79,0.895,1.0,0.8,0.89,0.0,0.010000000000000009,-0.0050000000000000044
tta_bn,composition_1_2,"client_1,client_2",2,zigzag,100,100,1.0,0.79,0.895,0.99,0.8,0.895,-0.010000000000000009,0.010000000000000009,0.0
tta_memo,composition_1_2,"client_1,client_2",2,zigzag,100,100,1.0,0.79,0.895,0.99,0.8,0.895,-0.010000000000000009,0.010000000000000009,0.0
tent,composition_1_2_3,"client_1,client_2,client_3",3,brightness,100,100,1.0,0.19,0.595,1.0,0.97,0.88,0.0,0.78,0.28500000000000003
tta_bn,composition_1_2_3,"client_1,client_2,client_3",3,brightness,100,100,1.0,0.19,0.595,0.54,0.97,0.755,-0.45999999999999996,0.78,0.16000000000000003
tta_memo,composition_1_2_3,"client_1,client_2,client_3",3,brightness,100,100,1.0,0.19,0.595,0.97,0.41,0.69,-0.030000000000000027,0.21999999999999997,0.09499999999999997
tent,composition_1_2_3,"client_1,client_2,client_3",3,zigzag,100,100,1.0,0.8,0.9,1.0,0.83,0.91,0.0,0.029999999999999916,0.010000000000000009
tta_bn,composition_1_2_3,"client_1,client_2,client_3",3,zigzag,100,100,1.0,0.8,0.9,0.99,0.82,0.905,-0.010000000000000009,0.019999999999999907,0.0050000000000000044
tta_memo,composition_1_2_3,"client_1,client_2,client_3",3,zigzag,100,100,1.0,0.8,0.9,1.0,0.81,0.905,0.0,0.010000000000000009,0.0050000000000000044
tent,composition_1_2_3_4,"client_1,client_2,client_3,client_4",4,brightness,100,100,1.0,0.24,0.62,1.0,0.97,0.885,0.0,0.73,0.265
tta_bn,composition_1_2_3_4,"client_1,client_2,client_3,client_4",4,brightness,100,100,1.0,0.24,0.62,0.53,0.95,0.74,-0.47,0.71,0.12
tta_memo,composition_1_2_3_4,"client_1,client_2,client_3,client_4",4,brightness,100,100,1.0,0.24,0.62,0.95,0.46,0.705,-0.050000000000000044,0.22000000000000003,0.08499999999999996
tent,composition_1_2_3_4,"client_1,client_2,client_3,client_4",4,zigzag,100,100,1.0,0.8,0.9,1.0,0.83,0.905,0.0,0.029999999999999916,0.0050000000000000044
tta_bn,composition_1_2_3_4,"client_1,client_2,client_3,client_4",4,zigzag,100,100,1.0,0.8,0.9,0.99,0.83,0.91,-0.010000000000000009,0.029999999999999916,0.010000000000000009
tta_memo,composition_1_2_3_4,"client_1,client_2,client_3,client_4",4,zigzag,100,100,1.0,0.8,0.9,1.0,0.82,0.91,0.0,0.019999999999999907,0.010000000000000009
tent,composition_1_2_4,"client_1,client_2,client_4",3,brightness,100,100,0.98,0.32,0.65,1.0,0.97,0.885,0.020000000000000018,0.6499999999999999,0.235
tta_bn,composition_1_2_4,"client_1,client_2,client_4",3,brightness,100,100,0.98,0.32,0.65,0.53,0.95,0.74,-0.44999999999999996,0.6299999999999999,0.08999999999999997
tta_memo,composition_1_2_4,"client_1,client_2,client_4",3,brightness,100,100,0.98,0.32,0.65,0.93,0.48,0.705,-0.04999999999999993,0.15999999999999998,0.05499999999999994
tent,composition_1_2_4,"client_1,client_2,client_4",3,zigzag,100,100,0.98,0.79,0.885,1.0,0.8,0.895,0.020000000000000018,0.010000000000000009,0.010000000000000009
tta_bn,composition_1_2_4,"client_1,client_2,client_4",3,zigzag,100,100,0.98,0.79,0.885,0.99,0.81,0.9,0.010000000000000009,0.020000000000000018,0.015000000000000013
tta_memo,composition_1_2_4,"client_1,client_2,client_4",3,zigzag,100,100,0.98,0.79,0.885,0.99,0.8,0.895,0.010000000000000009,0.010000000000000009,0.010000000000000009
tent,composition_1_3,"client_1,client_3",2,brightness,100,100,1.0,0.23,0.615,1.0,0.97,0.875,0.0,0.74,0.26
tta_bn,composition_1_3,"client_1,client_3",2,brightness,100,100,1.0,0.23,0.615,0.53,0.96,0.745,-0.47,0.73,0.13
tta_memo,composition_1_3,"client_1,client_3",2,brightness,100,100,1.0,0.23,0.615,0.97,0.42,0.695,-0.030000000000000027,0.18999999999999997,0.07999999999999996
tent,composition_1_3,"client_1,client_3",2,zigzag,100,100,1.0,0.81,0.905,1.0,0.83,0.915,0.0,0.019999999999999907,0.010000000000000009
tta_bn,composition_1_3,"client_1,client_3",2,zigzag,100,100,1.0,0.81,0.905,0.99,0.83,0.91,-0.010000000000000009,0.019999999999999907,0.0050000000000000044
tta_memo,composition_1_3,"client_1,client_3",2,zigzag,100,100,1.0,0.81,0.905,0.99,0.81,0.9,-0.010000000000000009,0.0,-0.0050000000000000044
tent,composition_1_3_4,"client_1,client_3,client_4",3,brightness,100,100,1.0,0.29,0.645,1.0,0.97,0.89,0.0,0.6799999999999999,0.245
tta_bn,composition_1_3_4,"client_1,client_3,client_4",3,brightness,100,100,1.0,0.29,0.645,0.53,0.95,0.74,-0.47,0.6599999999999999,0.09499999999999997
tta_memo,composition_1_3_4,"client_1,client_3,client_4",3,brightness,100,100,1.0,0.29,0.645,0.95,0.51,0.73,-0.050000000000000044,0.22000000000000003,0.08499999999999996
tent,composition_1_3_4,"client_1,client_3,client_4",3,zigzag,100,100,1.0,0.8,0.9,1.0,0.83,0.915,0.0,0.029999999999999916,0.015000000000000013
tta_bn,composition_1_3_4,"client_1,client_3,client_4",3,zigzag,100,100,1.0,0.8,0.9,0.99,0.83,0.91,-0.010000000000000009,0.029999999999999916,0.010000000000000009
tta_memo,composition_1_3_4,"client_1,client_3,client_4",3,zigzag,100,100,1.0,0.8,0.9,0.99,0.83,0.91,-0.010000000000000009,0.029999999999999916,0.010000000000000009
tent,composition_1_4,"client_1,client_4",2,brightness,100,100,0.98,0.39,0.685,0.98,0.96,0.88,0.0,0.57,0.19499999999999995
tta_bn,composition_1_4,"client_1,client_4",2,brightness,100,100,0.98,0.39,0.685,0.5,0.94,0.72,-0.48,0.5499999999999999,0.03499999999999992
tta_memo,composition_1_4,"client_1,client_4",2,brightness,100,100,0.98,0.39,0.685,0.93,0.6,0.765,-0.04999999999999993,0.20999999999999996,0.07999999999999996
tent,composition_1_4,"client_1,client_4",2,zigzag,100,100,0.98,0.8,0.89,0.98,0.81,0.895,0.0,0.010000000000000009,0.0050000000000000044
tta_bn,composition_1_4,"client_1,client_4",2,zigzag,100,100,0.98,0.8,0.89,0.97,0.84,0.905,-0.010000000000000009,0.039999999999999925,0.015000000000000013
tta_memo,composition_1_4,"client_1,client_4",2,zigzag,100,100,0.98,0.8,0.89,0.98,0.8,0.89,0.0,0.0,0.0
tent,composition_2,client_2,1,brightness,100,100,1.0,0.18,0.59,0.99,0.94,0.865,-0.010000000000000009,0.76,0.275
tta_bn,composition_2,client_2,1,brightness,100,100,1.0,0.18,0.59,0.63,0.94,0.785,-0.37,0.76,0.19500000000000006
tta_memo,composition_2,client_2,1,brightness,100,100,1.0,0.18,0.59,0.96,0.38,0.67,-0.040000000000000036,0.2,0.08000000000000007
tent,composition_2,client_2,1,zigzag,100,100,1.0,0.75,0.875,0.99,0.77,0.875,-0.010000000000000009,0.020000000000000018,0.0
tta_bn,composition_2,client_2,1,zigzag,100,100,1.0,0.75,0.875,0.99,0.78,0.885,-0.010000000000000009,0.030000000000000027,0.010000000000000009
tta_memo,composition_2,client_2,1,zigzag,100,100,1.0,0.75,0.875,1.0,0.76,0.88,0.0,0.010000000000000009,0.0050000000000000044
tent,composition_2_3,"client_2,client_3",2,brightness,100,100,1.0,0.16,0.58,1.0,0.98,0.865,0.0,0.82,0.28500000000000003
tta_bn,composition_2_3,"client_2,client_3",2,brightness,100,100,1.0,0.16,0.58,0.55,0.97,0.76,-0.44999999999999996,0.8099999999999999,0.18000000000000005
tta_memo,composition_2_3,"client_2,client_3",2,brightness,100,100,1.0,0.16,0.58,0.97,0.32,0.645,-0.030000000000000027,0.16,0.06500000000000006
tent,composition_2_3,"client_2,client_3",2,zigzag,100,100,1.0,0.79,0.895,1.0,0.84,0.92,0.0,0.04999999999999993,0.025000000000000022
tta_bn,composition_2_3,"client_2,client_3",2,zigzag,100,100,1.0,0.79,0.895,1.0,0.84,0.92,0.0,0.04999999999999993,0.025000000000000022
tta_memo,composition_2_3,"client_2,client_3",2,zigzag,100,100,1.0,0.79,0.895,1.0,0.8,0.9,0.0,0.010000000000000009,0.0050000000000000044
tent,composition_2_3_4,"client_2,client_3,client_4",3,brightness,100,100,1.0,0.22,0.61,1.0,0.98,0.885,0.0,0.76,0.275
tta_bn,composition_2_3_4,"client_2,client_3,client_4",3,brightness,100,100,1.0,0.22,0.61,0.58,0.96,0.77,-0.42000000000000004,0.74,0.16000000000000003
tta_memo,composition_2_3_4,"client_2,client_3,client_4",3,brightness,100,100,1.0,0.22,0.61,0.97,0.43,0.7,-0.030000000000000027,0.21,0.08999999999999997
tent,composition_2_3_4,"client_2,client_3,client_4",3,zigzag,100,100,1.0,0.81,0.905,1.0,0.84,0.91,0.0,0.029999999999999916,0.0050000000000000044
tta_bn,composition_2_3_4,"client_2,client_3,client_4",3,zigzag,100,100,1.0,0.81,0.905,0.99,0.84,0.915,-0.010000000000000009,0.029999999999999916,0.010000000000000009
tta_memo,composition_2_3_4,"client_2,client_3,client_4",3,zigzag,100,100,1.0,0.81,0.905,1.0,0.82,0.91,0.0,0.009999999999999898,0.0050000000000000044
tent,composition_2_4,"client_2,client_4",2,brightness,100,100,0.99,0.3,0.645,1.0,0.98,0.89,0.010000000000000009,0.6799999999999999,0.245
tta_bn,composition_2_4,"client_2,client_4",2,brightness,100,100,0.99,0.3,0.645,0.58,0.94,0.76,-0.41000000000000003,0.6399999999999999,0.11499999999999999
tta_memo,composition_2_4,"client_2,client_4",2,brightness,100,100,0.99,0.3,0.645,0.94,0.48,0.71,-0.050000000000000044,0.18,0.06499999999999995
tent,composition_2_4,"client_2,client_4",2,zigzag,100,100,0.99,0.77,0.88,1.0,0.8,0.89,0.010000000000000009,0.030000000000000027,0.010000000000000009
tta_bn,composition_2_4,"client_2,client_4",2,zigzag,100,100,0.99,0.77,0.88,0.99,0.81,0.9,0.0,0.040000000000000036,0.020000000000000018
tta_memo,composition_2_4,"client_2,client_4",2,zigzag,100,100,0.99,0.77,0.88,0.99,0.77,0.88,0.0,0.0,0.0
tent,composition_3,client_3,1,brightness,100,100,0.99,0.12,0.555,0.99,0.97,0.85,0.0,0.85,0.29499999999999993
tta_bn,composition_3,client_3,1,brightness,100,100,0.99,0.12,0.555,0.51,0.93,0.72,-0.48,0.81,0.16499999999999992
tta_memo,composition_3,client_3,1,brightness,100,100,0.99,0.12,0.555,0.95,0.28,0.615,-0.040000000000000036,0.16000000000000003,0.05999999999999994
tent,composition_3,client_3,1,zigzag,100,100,0.99,0.78,0.885,0.99,0.84,0.915,0.0,0.05999999999999994,0.030000000000000027
tta_bn,composition_3,client_3,1,zigzag,100,100,0.99,0.78,0.885,0.99,0.85,0.92,0.0,0.06999999999999995,0.03500000000000003
tta_memo,composition_3,client_3,1,zigzag,100,100,0.99,0.78,0.885,0.99,0.8,0.895,0.0,0.020000000000000018,0.010000000000000009
tent,composition_3_4,"client_3,client_4",2,brightness,100,100,1.0,0.23,0.615,1.0,0.98,0.88,0.0,0.75,0.265
tta_bn,composition_3_4,"client_3,client_4",2,brightness,100,100,1.0,0.23,0.615,0.54,0.95,0.745,-0.45999999999999996,0.72,0.13
tta_memo,composition_3_4,"client_3,client_4",2,brightness,100,100,1.0,0.23,0.615,0.96,0.45,0.705,-0.040000000000000036,0.22,0.08999999999999997
tent,composition_3_4,"client_3,client_4",2,zigzag,100,100,1.0,0.79,0.895,1.0,0.84,0.91,0.0,0.04999999999999993,0.015000000000000013
tta_bn,composition_3_4,"client_3,client_4",2,zigzag,100,100,1.0,0.79,0.895,0.99,0.84,0.915,-0.010000000000000009,0.04999999999999993,0.020000000000000018
tta_memo,composition_3_4,"client_3,client_4",2,zigzag,100,100,1.0,0.79,0.895,0.99,0.82,0.905,-0.010000000000000009,0.029999999999999916,0.010000000000000009
tent,composition_4,client_4,1,brightness,100,100,0.99,0.36,0.675,0.99,0.98,0.895,0.0,0.62,0.21999999999999997
tta_bn,composition_4,client_4,1,brightness,100,100,0.99,0.36,0.675,0.53,0.94,0.735,-0.45999999999999996,0.58,0.05999999999999994
tta_memo,composition_4,client_4,1,brightness,100,100,0.99,0.36,0.675,0.94,0.67,0.805,-0.050000000000000044,0.31000000000000005,0.13
tent,composition_4,client_4,1,zigzag,100,100,0.99,0.74,0.865,0.99,0.79,0.88,0.0,0.050000000000000044,0.015000000000000013
tta_bn,composition_4,client_4,1,zigzag,100,100,0.99,0.74,0.865,0.98,0.79,0.885,-0.010000000000000009,0.050000000000000044,0.020000000000000018
tta_memo,composition_4,client_4,1,zigzag,100,100,0.99,0.74,0.865,0.99,0.78,0.885,0.0,0.040000000000000036,0.020000000000000018
