window_id,corruption_type,split,window_index,start_index,end_index_exclusive,severity,severity_is_inferred,window_accuracy,window_entropy,window_max_probability,window_wrong_fraction,matched_context,distance_from_closest_historical_context,output_distribution_deviation,predicted_labels_json,true_labels_json,correctness_flags_json,entropies_json,max_probabilities_json,input_feature_mean_json,output_dist_0,output_dist_1,output_dist_2,output_dist_3,output_dist_4,output_dist_5,output_dist_6,output_dist_7,output_dist_8,output_dist_9,pool_name,region_label,region_order,stream_name,stream_window_index,segment_index,avg_entropy,output_distribution,input_feature_mean,delta_input,delta_entropy,delta_entropy_norm,delta_output,proxy_score,input_score,proxy_abnormal,input_abnormal,proxy_persistence,input_persistence,visible_branch_score,hidden_branch_score,final_score,trigger,oracle_trigger,oracle_trigger_accuracy_aux,oracle_reason,branch_dominant,asr_c_t,asr_c_bar_prev,asr_c_bar_new,asr_mu_c,asr_alpha0,asr_decision
clean_validation_window_71,clean,validation,0,4544.0,4608.0,0.0,0.0,0.609375,1.275926067774798,0.5161484522146155,0.390625,clean_cifar10,0.0,0.0,"[3, 3, 9, 3, 3, 8, 5, 8, 3, 8, 1, 9, 8, 8, 2, 0, 2, 2, 3, 5, 4, 6, 1, 8, 8, 1, 8, 8, 9, 3, 3, 6, 6, 3, 7, 3, 9, 6, 3, 9, 6, 1, 4, 1, 0, 1, 1, 8, 7, 9, 1, 7, 9, 4, 6, 2, 3, 9, 6, 3, 1, 4, 7, 6]","[3, 3, 9, 5, 5, 2, 6, 8, 5, 8, 1, 0, 0, 0, 2, 0, 2, 1, 1, 3, 4, 5, 1, 8, 8, 1, 8, 8, 1, 2, 3, 4, 3, 5, 7, 5, 9, 6, 3, 9, 6, 1, 4, 1, 1, 1, 1, 8, 7, 1, 1, 4, 9, 4, 4, 3, 3, 9, 3, 6, 1, 4, 7, 6]","[1, 1, 1, 0, 0, 0, 0, 1, 0, 1, 1, 0, 0, 0, 1, 1, 1, 0, 0, 0, 1, 0, 1, 1, 1, 1, 1, 1, 0, 0, 1, 0, 0, 0, 1, 0, 1, 1, 1, 1, 1, 1, 1, 1, 0, 1, 1, 1, 1, 0, 1, 0, 1, 1, 0, 0, 1, 1, 0, 0, 1, 1, 1, 1]","[1.3328321678407975, 1.6082508253362875, 1.10368443648287, 1.7959501828424598, 1.4183101813085912, 1.0698301435991004, 1.5455903676231146, 0.8252040313894877, 1.2970819245803666, 1.217566775780363, 0.6591762710341509, 0.7401742402247821, 1.6949556377307156, 1.9688657830352712, 1.652730299036971, 0.9911776197238751, 1.731186623294641, 2.1250025068391873, 2.252152489342537, 1.6846697336553755, 1.2886638494333984, 1.7727678286783888, 1.1260105783089795, 0.9331978235880459, 2.002373828303249, 0.6238206487553022, 0.9116466014718436, 1.8191381256643526, 1.1122866162728466, 1.3591642577499543, 1.99774403815932, 1.5011890744782788, 1.7297296735407264, 1.4872640107536064, 1.1405790181927191, 1.1124851258301622, 0.5531940732027599, 1.1095921755599174, 1.8886477820867773, 0.7612811912375714, 0.9262743432594658, 0.7521332418645937, 1.5320546315249501, 0.5335288947511807, 1.7517005103395324, 0.63986454299829, 1.019366683240972, 0.6455742970324186, 0.8917141266238603, 0.6431670828072026, 0.8752415617170617, 1.8100514378797359, 0.4644890996428591, 1.3886672996690907, 1.7320758914407128, 1.7873362136661544, 1.5611684459740467, 0.653038015617307, 1.6035266606776806, 1.7643708523173889, 0.6484700880961678, 1.4273644226650213, 1.1258136274857338, 0.5371078043264993]","[0.4945346472676498, 0.3682638594277414, 0.4599389799231307, 0.3079281970204256, 0.4961376950115095, 0.49929828817699523, 0.40545762148612297, 0.6366766071057087, 0.41747331777698765, 0.5262209704241081, 0.7844741559622154, 0.7671495424783038, 0.3157816308777997, 0.2091978385437239, 0.34731059184199803, 0.6966803778761594, 0.2878583940865717, 0.21472069818035483, 0.1469618697973251, 0.3355382499162784, 0.534111973400417, 0.2723987496854545, 0.6308510693384164, 0.6923540246003291, 0.31263492416226885, 0.825146065170281, 0.5419876921507443, 0.4149686771420969, 0.4879890781789341, 0.3737137376869429, 0.2598549155337014, 0.5171641275158784, 0.27326285848845916, 0.39540090318209803, 0.6866872552852783, 0.47313377047930444, 0.7892143047816704, 0.6858517595338882, 0.2896190928353027, 0.6679550048244196, 0.7704377984859532, 0.6469827514305878, 0.4506304209983462, 0.8599192291854755, 0.29736439913780427, 0.8264971097113474, 0.597581143044501, 0.7653786264088098, 0.7251184438834588, 0.6872429836695103, 0.7552087696880155, 0.3640242824509411, 0.8312986902296969, 0.4280920560741929, 0.3983362642939825, 0.3033432074694392, 0.31358839168085756, 0.8357215467636632, 0.353814058959541, 0.2499423597551068, 0.7400791859230421, 0.4975997195237304, 0.6120072844926933, 0.8813887013176983]","[0.48768487572669983, 0.2074774205684662, 15.389053344726562, 15.172707557678223, 32.0, 31.796875]",0.03125,0.140625,0.0625,0.203125,0.0625,0.03125,0.125,0.0625,0.15625,0.125,stable,stable,0,stream_a_benign_variability,0,0,1.275926067774798,"[0.03125, 0.140625, 0.0625, 0.203125, 0.0625, 0.03125, 0.125, 0.0625, 0.15625, 0.125]","[0.48768487572669983, 0.2074774205684662, 15.389053344726562, 15.172707557678223, 32.0, 31.796875]",2.852065715760153,0.17528183979909168,0.05842727993303056,0.14438291139240506,0.10140509566271781,1.0,0,1,0.0,1.0,0.0,0.8985949043372822,0.8985949043372822,True,0,0,stable_or_mild_region,hidden,-2.263341113549163,-0.0,-0.02263341113549165,0.99,0.1,0
clean_validation_window_48,clean,validation,1,3072.0,3136.0,0.0,0.0,0.625,1.2646383335107143,0.5371697904315499,0.375,clean_cifar10,0.0,0.0,"[6, 3, 0, 1, 8, 5, 1, 0, 4, 8, 2, 3, 8, 6, 1, 4, 3, 5, 0, 4, 2, 1, 8, 2, 0, 3, 9, 7, 0, 2, 3, 6, 7, 6, 9, 8, 0, 8, 9, 7, 5, 1, 6, 1, 1, 5, 4, 8, 8, 9, 1, 1, 8, 8, 9, 8, 1, 9, 0, 2, 5, 8, 3, 3]","[6, 2, 2, 1, 8, 5, 1, 6, 4, 8, 2, 5, 9, 3, 1, 4, 3, 2, 2, 4, 2, 2, 0, 2, 0, 3, 9, 7, 0, 2, 2, 6, 7, 0, 9, 8, 0, 0, 5, 7, 3, 1, 5, 1, 9, 2, 3, 0, 8, 9, 1, 9, 8, 8, 9, 8, 1, 9, 0, 3, 3, 8, 3, 5]","[1, 0, 0, 1, 1, 1, 1, 0, 1, 1, 1, 0, 0, 0, 1, 1, 1, 0, 0, 1, 1, 0, 0, 1, 1, 1, 1, 1, 1, 1, 0, 1, 1, 0, 1, 1, 1, 0, 0, 1, 0, 1, 0, 1, 0, 0, 0, 0, 1, 1, 1, 0, 1, 1, 1, 1, 1, 1, 1, 0, 0, 1, 1, 0]","[0.9176310761952535, 1.8907838574813385, 0.6331013828331027, 1.2820890186230478, 1.9573715959697684, 1.3823523462739595, 1.6262503924646299, 1.9942471904233887, 1.740702443016984, 0.7054924381148632, 1.674747020326689, 1.5806372699845728, 1.7294343348208332, 1.2967289292791055, 0.5845211993821896, 0.841011947594456, 1.537658786571579, 1.6391701444302287, 1.3401960985302013, 1.403682753742076, 0.9738271702255112, 1.4489917025694101, 1.5388495306154264, 1.627781955395461, 1.1182826193614588, 1.4225997304612061, 0.6684906968215558, 1.7649600123647087, 0.722020441423554, 1.569955599101294, 1.583727139301701, 1.1032523069899267, 1.684504518076172, 1.9956495218322345, 0.5345305590017544, 0.945399239965803, 1.911522245836173, 0.9801465332991872, 1.0230758796696393, 0.8127057739957836, 0.9867248774677745, 1.4049582293893907, 1.3505082484443764, 0.618458477256056, 1.5408525138400522, 1.3854596407040591, 1.517217082461917, 1.213160784261863, 0.6698105879033565, 0.5227849890415157, 1.3439232398053407, 0.8772117941927464, 1.1377400345172823, 0.5901224246468365, 0.6801785284670339, 0.8579738074961675, 0.47457090831810217, 0.6845711759204447, 1.576286386728289, 1.5766877475322956, 1.60238657700686, 1.831938731290606, 1.548846336116232, 1.7563968195109074]","[0.7353486761694316, 0.2710360644318557, 0.8245885172398216, 0.4562182186186356, 0.3328428364210049, 0.5484280087072404, 0.4485373142089241, 0.23825645501383316, 0.4295921441773265, 0.7423365020102213, 0.3773284995236509, 0.44151770537366064, 0.3356445020208796, 0.6146340271014115, 0.8240687833228285, 0.744605970919351, 0.43133977407670765, 0.31797632532911485, 0.4962964576468499, 0.4761222017878098, 0.755131438349756, 0.4941291389802015, 0.3422788007940643, 0.34563186529306705, 0.6319096763424888, 0.5127781845484776, 0.6866042443519501, 0.3930282421167415, 0.6944103545186215, 0.4491755942809777, 0.41674742586537994, 0.7105863515039638, 0.42680267713628034, 0.2217993927296951, 0.7994199504850124, 0.5119658609124229, 0.3429926090436973, 0.5946760600984816, 0.7064613174077238, 0.7192968368510049, 0.5859610267574794, 0.38234587662047853, 0.5391873332826543, 0.724185770405956, 0.3400667316778026, 0.41162260946844653, 0.4255991006700595, 0.5157191360861699, 0.8483994168685994, 0.8265895436630671, 0.4052029450541784, 0.5917635027133568, 0.6948312126389514, 0.8397016778827284, 0.7600953825321206, 0.7078550712653973, 0.8523639831279207, 0.7822858762809476, 0.48313711803818016, 0.4689594046585315, 0.3760666142425203, 0.3194353809885791, 0.3853591921604567, 0.26958767482404167]","[0.47865408658981323, 0.20619350671768188, 15.489019393920898, 15.17890453338623, 32.0, 32.0]",0.109375,0.15625,0.078125,0.109375,0.0625,0.078125,0.078125,0.046875,0.1875,0.09375,stable,stable,1,stream_a_benign_variability,1,0,1.2646383335107143,"[0.109375, 0.15625, 0.078125, 0.109375, 0.0625, 0.078125, 0.078125, 0.046875, 0.1875, 0.09375]","[0.47865408658981323, 0.20619350671768188, 15.489019393920898, 15.17890453338623, 32.0, 32.0]",1.8081614946447768,0.0,0.0,0.13686708860759494,0.06843354430379747,0.7232645978579108,0,1,0.0,1.0,0.0,0.6737690379570331,0.6737690379570331,True,0,0,stable_or_mild_region,hidden,-2.2333771877561643,-0.02263341113549165,-0.044740848901698396,0.99,0.1,0
clean_validation_window_70,clean,validation,2,4480.0,4544.0,0.0,0.0,0.59375,1.1809630874575276,0.5438831436629741,0.40625,known_motion_blur,0.0,0.0,"[6, 3, 3, 1, 1, 3, 9, 1, 6, 1, 0, 1, 6, 5, 1, 5, 6, 8, 8, 3, 3, 8, 9, 1, 7, 1, 6, 0, 3, 1, 8, 0, 6, 0, 5, 2, 6, 8, 7, 3, 9, 1, 3, 5, 5, 0, 9, 4, 0, 7, 0, 6, 8, 6, 9, 0, 6, 6, 2, 1, 1, 3, 8, 8]","[4, 3, 5, 1, 5, 7, 1, 1, 4, 1, 0, 1, 3, 5, 1, 5, 6, 0, 0, 3, 3, 8, 9, 1, 4, 1, 4, 0, 5, 1, 0, 0, 6, 0, 5, 4, 6, 0, 4, 5, 9, 8, 5, 5, 7, 0, 1, 2, 0, 7, 0, 5, 8, 6, 9, 0, 2, 6, 2, 1, 9, 5, 8, 8]","[0, 1, 0, 1, 0, 0, 0, 1, 0, 1, 1, 1, 0, 1, 1, 1, 1, 0, 0, 1, 1, 1, 1, 1, 0, 1, 0, 1, 0, 1, 0, 1, 1, 1, 1, 0, 1, 0, 0, 0, 1, 0, 0, 1, 0, 1, 0, 0, 1, 1, 1, 0, 1, 1, 1, 1, 0, 1, 1, 1, 0, 0, 1, 1]","[1.7078289042923214, 1.3195124021684868, 1.6586481389533856, 0.590234713782972, 1.830489275363981, 1.6717909713673624, 0.9180041257257371, 1.0514457315573904, 1.8533424830617709, 1.0823847597203002, 0.9029181966745817, 0.6934605421198753, 0.8136682123320776, 0.8544111034565303, 0.556671501035575, 1.6388380561879436, 0.9298109618435353, 0.7197131366911298, 1.0722872506041152, 1.4800103619109142, 0.9284680425627518, 0.7267842581362843, 0.9267382270414974, 0.6755907786107409, 1.049986018632138, 0.6205465397461299, 1.6030851387876353, 1.1978193575983358, 1.5212624599315137, 1.1550451987452925, 0.9064930262028126, 1.6932826473621052, 1.2032772089525499, 1.8369995189243933, 1.8017517509431875, 1.8641893939584977, 0.15224515711989975, 1.0178135255745002, 1.1704278436728381, 1.7236767922932852, 0.517585598020438, 1.1405288196936771, 1.6772203405200201, 1.3000594831120937, 1.6513240455948575, 1.208663399850092, 1.4886500257188904, 1.6676575166094352, 1.177126913111556, 1.5158180230821119, 1.226138973736264, 1.1270354474079236, 0.8357777790881294, 0.7181412807668933, 0.6708505186203427, 1.2066634762925204, 1.7666617735676962, 0.42028114761918456, 1.6496498087928717, 0.7075992136675284, 0.7173598787926345, 1.5981157898636642, 0.7755075350548805, 1.696267095051686]","[0.4197270158978744, 0.4079972682686236, 0.4014011342792701, 0.8115342934211183, 0.3069759978268345, 0.2782689706752965, 0.5374222208132172, 0.630474335146529, 0.38502310720335314, 0.5678678037507089, 0.6216204093610669, 0.6910539538371755, 0.7883782542238867, 0.5160917919463118, 0.7818919331322256, 0.3844063396440367, 0.748994325165709, 0.7040530220862043, 0.6214235216102493, 0.41097326427408376, 0.5150975156037083, 0.6485004942913399, 0.5924569988575458, 0.7975367627936689, 0.6636442872618699, 0.7347689065037395, 0.354724752027198, 0.49840345381348006, 0.4173315077553952, 0.5574078800306524, 0.7204395315265514, 0.3819454454841004, 0.6495384219525787, 0.32137352807856934, 0.2662479151281196, 0.25690583999956973, 0.9750601082852265, 0.6679096841683005, 0.4710290448748042, 0.29726003678467305, 0.8766703562548436, 0.6182033605298317, 0.3124223245494748, 0.41875941385937193, 0.32125138572902157, 0.5961976682989981, 0.37841304978399676, 0.3361468858859867, 0.5084665035044488, 0.37344149950431366, 0.46647528947731326, 0.6769454138005461, 0.6462769963950514, 0.8374781299527967, 0.7921540765751729, 0.5322447479236954, 0.30650546968455855, 0.9086290584706843, 0.41024875932776317, 0.7375347807585142, 0.5321115302002158, 0.31374930916006905, 0.7703574230613042, 0.3346766839575071]","[0.4695497751235962, 0.18864569067955017, 15.543701171875, 15.128721237182617, 32.0, 31.84375]",0.125,0.1875,0.03125,0.140625,0.015625,0.078125,0.171875,0.046875,0.125,0.078125,stable,stable,2,stream_a_benign_variability,2,0,1.1809630874575276,"[0.125, 0.1875, 0.03125, 0.140625, 0.015625, 0.078125, 0.171875, 0.046875, 0.125, 0.078125]","[0.4695497751235962, 0.18864569067955017, 15.543701171875, 15.128721237182617, 32.0, 31.84375]",1.6098058405239108,0.0,0.0,0.2412420382165605,0.12062101910828026,0.6439223362095643,0,1,0.0,1.0,0.0,0.566251767789382,0.566251767789382,True,0,0,stable_or_mild_region,hidden,-2.2603661749744033,-0.044740848901698396,-0.06689710216242546,0.99,0.1,0
clean_validation_window_53,clean,validation,3,3392.0,3456.0,0.0,0.0,0.609375,1.3028070642522782,0.5049343448551784,0.390625,clean_cifar10,0.0,0.0,"[2, 8, 4, 3, 6, 2, 5, 4, 4, 6, 7, 2, 2, 9, 6, 2, 1, 3, 9, 3, 3, 4, 2, 0, 0, 6, 3, 1, 7, 6, 4, 7, 0, 7, 5, 2, 0, 6, 0, 1, 8, 0, 9, 9, 7, 6, 3, 9, 8, 1, 9, 6, 5, 8, 6, 4, 6, 9, 1, 9, 3, 7, 6, 9]","[2, 8, 4, 5, 6, 5, 5, 4, 6, 6, 3, 5, 2, 9, 6, 4, 9, 3, 3, 5, 5, 4, 2, 0, 0, 2, 5, 0, 7, 5, 5, 7, 0, 4, 3, 2, 0, 4, 0, 9, 8, 4, 9, 9, 7, 5, 7, 9, 8, 1, 9, 3, 5, 8, 6, 4, 6, 9, 9, 9, 3, 7, 5, 9]","[1, 1, 1, 0, 1, 0, 1, 1, 0, 1, 0, 0, 1, 1, 1, 0, 0, 1, 0, 0, 0, 1, 1, 1, 1, 0, 0, 0, 1, 0, 0, 1, 1, 0, 0, 1, 1, 0, 1, 0, 1, 0, 1, 1, 1, 0, 0, 1, 1, 1, 1, 0, 1, 1, 1, 1, 1, 1, 0, 1, 1, 1, 0, 1]","[1.4155818819890267, 1.4645620634236909, 1.534288640824149, 1.2654480148649452, 1.5190259564163904, 1.769659285294511, 1.353090549869962, 2.0283296894330514, 1.0626165357968185, 1.004796988126122, 1.8556151371249285, 1.6205815670740606, 1.7707273130722498, 0.7830718868818094, 0.2889771334816976, 1.7094320131904015, 1.4520527478298535, 1.681389680108976, 1.717587754268874, 1.6792894842256487, 1.9794950995410858, 1.2346932991478876, 1.8748111363544941, 1.2579976420537244, 1.5555500413946926, 0.4627352315824053, 1.4278921827387316, 1.7910406523597033, 0.8734172277627462, 1.5164162942566184, 1.473201547979092, 0.6975151739366591, 1.4156506328512, 1.65002865981133, 1.7056324610431435, 1.0532839825531337, 0.5963376253238489, 1.5186986090928742, 1.6425244353196014, 1.435649382728874, 0.6358679429561966, 1.3731644704987676, 1.5036740952197252, 1.3971150711290612, 0.511277585529365, 1.8173838625627734, 1.7698862752622324, 0.8580036465925476, 1.1411014912826793, 0.48023301186335654, 0.35736992645493393, 1.4602399614965713, 1.2941526262322023, 1.101633366721438, 0.8613792288516816, 1.3999411047886154, 1.3443236479237979, 0.7111935577935968, 1.0880115891350246, 0.6363633449442897, 1.4492630771574844, 1.863897597944065, 1.670914596120796, 0.5145653925555779]","[0.5522939906195843, 0.4031243737529572, 0.45344917823235303, 0.4359638006347004, 0.384682842511575, 0.25247542835882486, 0.4194141397554198, 0.3254957083382056, 0.4799302649558645, 0.7196696702885137, 0.23726791646247627, 0.3675854316697815, 0.3255722631774855, 0.5317402538789547, 0.944458938117776, 0.2875398456241201, 0.44150249532718466, 0.3823473582072381, 0.3493724091967321, 0.3374351225612188, 0.25325227798707844, 0.6305770199378851, 0.29907238045458545, 0.48797347206751135, 0.47607331110053097, 0.8976773016742796, 0.4318900726146509, 0.34150080525586796, 0.7040033111462458, 0.4953663470783366, 0.4744130104036459, 0.819079179431124, 0.407453855536324, 0.3598341931607021, 0.3097917350413212, 0.7297576478098766, 0.7794591766970664, 0.42650906651165593, 0.34337255383471194, 0.4222713590529699, 0.7590806446881244, 0.4259705445619882, 0.47832370519310474, 0.45108100599162176, 0.8785718106488735, 0.3645533146697009, 0.24612689487060394, 0.5920167421123728, 0.6574718249193563, 0.8597601528790044, 0.9012251373588943, 0.4112902064195253, 0.4225997200548002, 0.4587679137341398, 0.7899970824088471, 0.4898406714177944, 0.6217991163415063, 0.7615046509491998, 0.44368215697354646, 0.7475915127601204, 0.37118492289130206, 0.26053114887605844, 0.36511078438682365, 0.8370668971567714]","[0.475074827671051, 0.19217194616794586, 15.253674507141113, 15.59410572052002, 32.0, 31.96875]",0.09375,0.078125,0.109375,0.109375,0.09375,0.046875,0.171875,0.09375,0.0625,0.140625,stable,stable,3,stream_a_benign_variability,3,0,1.3028070642522782,"[0.09375, 0.078125, 0.109375, 0.109375, 0.09375, 0.046875, 0.171875, 0.09375, 0.0625, 0.140625]","[0.475074827671051, 0.19217194616794586, 15.253674507141113, 15.59410572052002, 32.0, 31.96875]",2.7063221752479665,0.6069940086232962,0.20233133620776542,0.1342958860759494,0.1683136111418574,1.0,0,1,0.0,1.0,0.0,0.8316863888581426,0.8316863888581426,True,0,0,stable_or_mild_region,hidden,-2.2306657236336056,-0.06689710216242546,-0.0885347883771373,0.99,0.1,0
brightness_test_window_34,brightness,test,4,2176.0,2240.0,1.0,1.0,0.59375,1.2746124909201608,0.5212642793463604,0.40625,known_brightness,1.616678914128407,0.11017117834394904,"[8, 9, 8, 1, 4, 9, 2, 2, 9, 0, 9, 6, 9, 2, 9, 7, 2, 8, 8, 3, 8, 6, 8, 6, 0, 3, 9, 6, 9, 1, 1, 3, 4, 0, 0, 7, 2, 6, 2, 0, 5, 8, 4, 3, 1, 2, 6, 8, 1, 7, 6, 0, 7, 4, 3, 3, 3, 5, 7, 2, 3, 2, 9, 7]","[1, 9, 3, 1, 4, 3, 4, 4, 9, 0, 9, 5, 9, 2, 9, 4, 0, 2, 8, 4, 8, 6, 8, 2, 0, 5, 9, 6, 9, 5, 1, 3, 4, 4, 2, 7, 2, 4, 4, 0, 2, 8, 4, 5, 1, 2, 6, 8, 1, 7, 2, 8, 7, 4, 3, 3, 0, 3, 7, 2, 5, 6, 1, 7]","[0, 1, 0, 1, 1, 0, 0, 0, 1, 1, 1, 0, 1, 1, 1, 0, 0, 0, 1, 0, 1, 1, 1, 0, 1, 0, 1, 1, 1, 0, 1, 1, 1, 0, 0, 1, 1, 0, 0, 1, 0, 1, 1, 0, 1, 1, 1, 1, 1, 1, 0, 0, 1, 1, 1, 1, 0, 0, 1, 1, 0, 0, 0, 1]","[1.2767331848293906, 0.5892462141800567, 1.6414469023068416, 1.3866443107322315, 1.2058221573807941, 2.0266610852915914, 1.2699566117456487, 1.3381068840933914, 0.7324125782001958, 1.3085016288268534, 1.8399522939092647, 1.4155215574539486, 0.7534488115235525, 1.5902132507258449, 0.7696434410255732, 1.8824339135325945, 1.698639369997949, 1.3369847852333843, 0.8441842969305816, 1.6536900318204268, 0.9874586631676926, 0.6879439265407655, 1.1869073790368763, 1.0370553615208111, 0.8659939163195866, 1.253680092199788, 0.8404185711011706, 0.7876587572334074, 1.214105314459459, 1.362074944132178, 0.8369270937649901, 1.6370539910099262, 1.6226155255766783, 2.094291595937446, 1.0401281156776396, 1.1493276736698075, 1.4456715731713918, 1.1059037936635556, 1.846922756287581, 1.568497931518894, 1.588992629046694, 0.6597584372546046, 1.0986533111908068, 1.766658357460106, 0.5998514967022698, 1.20709341600088, 0.8981395416102509, 0.8333971733449722, 0.7054833356441361, 1.2629711267734747, 0.4186054310101859, 1.1976407938962996, 1.719667697913844, 1.3353576708887906, 0.9067026099134821, 1.4042152153424032, 1.9874481076767097, 1.6985701430473212, 1.729525988999658, 1.7311788413694573, 2.0145619489665, 1.60201621613767, 0.7567997011502452, 1.3210299418197595]","[0.40886592986021125, 0.7700717849064679, 0.46346443180922575, 0.34902011628046975, 0.5747933467101053, 0.26739267848109155, 0.5044147923309416, 0.512274842051362, 0.5265076600646461, 0.4418770643189933, 0.3352372196691579, 0.4929892361266211, 0.7103351412207755, 0.4655536606886101, 0.716159728708463, 0.26914576860555334, 0.37690986724920367, 0.4455464107203137, 0.7285789516738136, 0.34022289014079976, 0.6899331405059944, 0.8308389650060983, 0.474466356855432, 0.5770203598702661, 0.7179493302262907, 0.487611087155629, 0.5812837249587064, 0.7879086028896252, 0.5781895631983848, 0.4795940002514465, 0.7026615517677219, 0.32454974104961976, 0.3939707353522792, 0.19185174744324826, 0.6433514918309148, 0.6682043123878383, 0.4908294746954069, 0.6899808558846394, 0.2975028987662469, 0.4836730754004475, 0.391777093362378, 0.6905738331515571, 0.6732808000695284, 0.30516865719073333, 0.767710332712334, 0.4964918428236244, 0.7470154054605186, 0.6104743391231069, 0.6588610779305536, 0.6365048069122877, 0.9106781372973634, 0.46805233565774373, 0.4487007764611427, 0.6270043908391391, 0.6604500307693506, 0.4578951366681095, 0.2680058425825822, 0.3569416102909432, 0.4227212308622121, 0.4067799875671725, 0.2581000590960565, 0.28984182042935935, 0.5311068659928171, 0.4860449278033949]","[0.5392908453941345, 0.19248740375041962, 15.601736068725586, 15.252349853515625, 32.0, 31.953125]",0.09375,0.078125,0.140625,0.125,0.0625,0.03125,0.109375,0.09375,0.125,0.140625,mild_variability,mild_variability,0,stream_a_benign_variability,4,1,1.2746124909201608,"[0.09375, 0.078125, 0.140625, 0.125, 0.0625, 0.03125, 0.109375, 0.09375, 0.125, 0.140625]","[0.5392908453941345, 0.19248740375041962, 15.601736068725586, 15.252349853515625, 32.0, 31.953125]",1.616678914128407,0.0,0.0,0.11017117834394904,0.05508558917197452,0.6466715656513629,0,1,0.0,1.0,0.0,0.6110492814566943,0.6110492814566943,True,0,0,stable_or_mild_region,hidden,-2.2355653329741743,-0.0885347883771373,-0.11000509382310769,0.99,0.1,0
brightness_test_window_140,brightness,test,5,8960.0,9024.0,1.0,1.0,0.625,1.2671603563552485,0.5260165873263132,0.375,known_brightness,2.501807808946382,0.09822850318471338,"[0, 8, 3, 6, 8, 2, 3, 2, 8, 8, 0, 6, 3, 3, 2, 8, 7, 1, 6, 5, 9, 4, 4, 2, 6, 0, 6, 3, 6, 3, 1, 0, 5, 9, 8, 9, 7, 3, 9, 2, 8, 1, 6, 3, 7, 5, 6, 3, 0, 2, 8, 2, 1, 7, 5, 8, 1, 0, 8, 9, 9, 2, 6, 8]","[0, 0, 5, 6, 0, 4, 3, 2, 8, 8, 0, 6, 9, 5, 2, 8, 7, 0, 6, 5, 9, 7, 2, 3, 6, 9, 6, 2, 2, 4, 1, 0, 5, 0, 8, 9, 3, 5, 9, 3, 8, 1, 6, 3, 7, 5, 6, 2, 0, 2, 8, 2, 8, 7, 7, 8, 1, 0, 8, 9, 7, 0, 3, 8]","[1, 0, 0, 1, 0, 0, 1, 1, 1, 1, 1, 1, 0, 0, 1, 1, 1, 0, 1, 1, 1, 0, 0, 0, 1, 0, 1, 0, 0, 0, 1, 1, 1, 0, 1, 1, 0, 0, 1, 0, 1, 1, 1, 1, 1, 1, 1, 0, 1, 1, 1, 1, 0, 1, 0, 1, 1, 1, 1, 1, 0, 0, 0, 1]","[1.374769892253708, 1.7009635133914842, 1.9414402770402186, 0.570945421902722, 1.3098326261725775, 1.6962454141004482, 1.416354855784635, 2.19182251929757, 1.8128708917869298, 0.9353473259835393, 1.0631382117357795, 0.6380156958440886, 1.7234269368530633, 0.8411937437533767, 0.9934991106025807, 0.547122319022251, 1.9309459470661439, 1.8691904937547186, 0.44298522435380877, 1.2836734148257873, 1.1966304566551735, 1.0677277093842004, 1.7837344802236297, 1.570314880967845, 0.3450161750858595, 1.0351590282396126, 0.12666395614787337, 1.6085035386410138, 1.3360560814489757, 1.609403945454696, 1.1924559160591879, 0.9460574621911306, 0.7538929511403121, 0.8450697781761706, 0.33005965720237623, 1.0606749900510213, 2.1312188265669985, 1.4715485195332425, 0.6219440315071407, 1.8858053820548906, 1.2797016147420177, 0.9086966586387064, 1.0555352427261444, 1.6877798767223084, 0.9987327027066688, 0.9537523905786945, 1.6322163111018488, 1.5469790666854646, 0.940764096401963, 1.7875364911394231, 1.8120381960289487, 1.4711122779627859, 1.4347892423145123, 1.628462745442114, 1.3750635196587138, 1.0949556408671905, 0.8674271760542795, 0.5733398581632398, 1.7776694234166488, 1.198686309649747, 1.307231226941398, 1.9782233688705955, 1.284968906221838, 1.3008788614438636]","[0.5058368217754543, 0.3813510979778387, 0.32435034323136297, 0.8635180247105726, 0.4537339034709278, 0.3199222214596356, 0.4611369249959837, 0.2273371943167563, 0.42681951264847307, 0.5788231143614876, 0.6040004099494866, 0.8392047251085726, 0.2930253928988714, 0.5484436735725684, 0.5773795775754745, 0.8151547488310209, 0.2707031807188825, 0.31811538270765954, 0.899564172466997, 0.45562175017725015, 0.42582083827625605, 0.6180325180741142, 0.3079840450698654, 0.4176410994759281, 0.9335193344001947, 0.5174336614302135, 0.9795368039270121, 0.31940680132256605, 0.5348770878557447, 0.3638660108955751, 0.5120953820818231, 0.5306205785921566, 0.7660093487837278, 0.7201781633727882, 0.924461802362445, 0.7216516455152453, 0.20501570383552176, 0.43511629864350215, 0.7371124090822294, 0.26982270217021054, 0.44677731963387135, 0.6714565152036492, 0.695682493960422, 0.43857199192847857, 0.7070475824574928, 0.6964718679072183, 0.3575418551060873, 0.42963995288696644, 0.7221200550397354, 0.38550564247867003, 0.3689363627626836, 0.4539157212017495, 0.4223029779244976, 0.34483535725798825, 0.5213226675189805, 0.501921391395837, 0.7218416128512786, 0.8545013834625783, 0.3457392469332392, 0.5136657951945177, 0.5011151860879498, 0.22611642479577665, 0.41773555327179035, 0.5160522235001936]","[0.5566160678863525, 0.19301487505435944, 15.41606330871582, 15.266267776489258, 32.0, 32.0]",0.09375,0.078125,0.125,0.140625,0.03125,0.0625,0.140625,0.0625,0.171875,0.09375,mild_variability,mild_variability,1,stream_a_benign_variability,5,1,1.2671603563552485,"[0.09375, 0.078125, 0.125, 0.140625, 0.03125, 0.0625, 0.140625, 0.0625, 0.171875, 0.09375]","[0.5566160678863525, 0.19301487505435944, 15.41606330871582, 15.266267776489258, 32.0, 32.0]",2.501807808946382,0.0,0.0,0.09822850318471338,0.04911425159235669,1.0,0,1,0.0,1.0,0.0,0.9508857484076433,0.9508857484076433,True,0,0,stable_or_mild_region,hidden,-2.1677239611879107,-0.11000509382310769,-0.13058228249675574,0.99,0.1,0
motion_blur_test_window_31,motion_blur,test,6,1984.0,2048.0,1.0,1.0,0.53125,1.3545482917515344,0.48175658775095875,0.46875,known_motion_blur,2.6427232070270845,0.12987659235668791,"[3, 6, 2, 8, 5, 3, 3, 1, 6, 2, 8, 2, 3, 8, 8, 3, 1, 5, 4, 3, 5, 2, 7, 8, 8, 1, 3, 2, 5, 6, 8, 2, 6, 6, 6, 7, 9, 8, 3, 3, 3, 2, 5, 3, 7, 2, 4, 1, 2, 2, 2, 2, 3, 3, 2, 3, 0, 0, 1, 8, 3, 1, 3, 3]","[7, 6, 4, 9, 5, 6, 4, 1, 6, 3, 8, 2, 3, 9, 8, 5, 1, 5, 4, 5, 7, 5, 7, 8, 9, 1, 7, 2, 5, 6, 8, 4, 6, 5, 3, 9, 9, 8, 5, 5, 6, 4, 5, 9, 7, 3, 4, 1, 4, 2, 3, 6, 5, 5, 2, 8, 0, 0, 1, 8, 3, 1, 3, 5]","[0, 1, 0, 0, 1, 0, 0, 1, 1, 0, 1, 1, 1, 0, 1, 0, 1, 1, 1, 0, 0, 0, 1, 1, 0, 1, 0, 1, 1, 1, 1, 0, 1, 0, 0, 0, 1, 1, 0, 0, 0, 0, 1, 0, 1, 0, 1, 1, 0, 1, 0, 0, 0, 0, 1, 0, 1, 1, 1, 1, 1, 1, 1, 0]","[1.4846725908588565, 1.2305290833857652, 1.6940835903775175, 0.7418472141569894, 0.940473023876343, 1.6492942305637601, 1.7574089926711265, 0.9027333441801844, 0.8628167489489692, 1.896335608775452, 1.3708010263082218, 1.8525056631700745, 1.250117217094202, 1.4930260502494652, 1.7274341815250447, 1.6050701912491316, 1.7595103864267263, 1.448467928487308, 1.9022325417719532, 1.1927113394242674, 1.3939600266601182, 1.6132936284313273, 1.1821008810008296, 0.6301005447226196, 1.438346767699363, 1.31669648844118, 1.7913984459490826, 1.3636192286436553, 0.8961772717904469, 1.6511177593897188, 0.7673898961353365, 1.4510096443624076, 1.0704581892814387, 1.3258987172466319, 1.5327756753436614, 2.0718847592707488, 0.6595079029710266, 0.7525569695045589, 0.9514232920664495, 1.2043154544472392, 1.9297749345191577, 1.1571897782111378, 1.1605136785194676, 1.9955264141303841, 1.6185507852213543, 1.6853620857037699, 1.7240494076339654, 0.4106959837582206, 1.668748738283298, 1.15688507952571, 1.4574644100494596, 1.41329242579539, 1.4293980727378792, 1.3907584185085662, 1.781267709687468, 1.918894889284727, 0.8994109887330303, 1.1079059858365679, 0.8255021008031911, 0.728902248889014, 0.9668930540907329, 1.867410194384716, 1.5946615396046564, 0.9759292513271399]","[0.4147818504173649, 0.5064708590689453, 0.3652122388990418, 0.7777878618880429, 0.5401486581574603, 0.3426570671936297, 0.2973342197845879, 0.771082501432272, 0.754783534392966, 0.29347384988102565, 0.46220326218359675, 0.38655404138238025, 0.43490445819183504, 0.4678372116005325, 0.3722622069842871, 0.38912933881964656, 0.3345289727115356, 0.3267300719419272, 0.3549092148460416, 0.4724983389127249, 0.5010147485604448, 0.31191996093331764, 0.6283796846608191, 0.7818644623824812, 0.45652627986876343, 0.45143303614694963, 0.3703419936103807, 0.5917517608170467, 0.6188506467552185, 0.3959016997353193, 0.589502243980085, 0.39087788434498527, 0.6800353995316059, 0.6035597873489387, 0.36807899115476933, 0.1990164958721783, 0.7678908426297929, 0.5534094009058846, 0.5053441005342131, 0.5296778584340355, 0.2374668883068846, 0.6823533446203748, 0.47691380730636485, 0.34343708760941877, 0.4721074360778145, 0.3028736379909125, 0.4023473044205584, 0.8989839005600817, 0.39033075230061126, 0.611079009915917, 0.4808490669397318, 0.5145259777594964, 0.5014448408398753, 0.4443773052137831, 0.32051264947595104, 0.2519269021091394, 0.4879373801732406, 0.5659582793725397, 0.7492816002328534, 0.667080444757171, 0.5035767055608761, 0.2686921594024294, 0.363492051559954, 0.5342060466583045]","[0.4649280309677124, 0.18506672978401184, 15.697373390197754, 15.431365013122559, 31.9375, 31.96875]",0.03125,0.09375,0.203125,0.265625,0.03125,0.078125,0.09375,0.046875,0.140625,0.015625,mild_variability,mild_variability,2,stream_a_benign_variability,6,1,1.3545482917515344,"[0.03125, 0.09375, 0.203125, 0.265625, 0.03125, 0.078125, 0.09375, 0.046875, 0.140625, 0.015625]","[0.4649280309677124, 0.18506672978401184, 15.697373390197754, 15.431365013122559, 31.9375, 31.96875]",2.6427232070270845,0.0,0.0,0.12987659235668791,0.06493829617834396,1.0,0,1,0.0,1.0,0.0,0.935061703821656,0.935061703821656,True,0,0,stable_or_mild_region,hidden,-2.0113707833087813,-0.13058228249675574,-0.14939016750487602,0.99,0.1,0
motion_blur_test_window_22,motion_blur,test,7,1408.0,1472.0,1.0,1.0,0.53125,1.3632403470761452,0.4698683904679971,0.46875,known_brightness,1.515795568436071,0.18600716560509556,"[1, 0, 1, 3, 9, 1, 8, 4, 5, 8, 2, 8, 5, 6, 8, 4, 1, 3, 7, 1, 7, 3, 8, 4, 8, 5, 0, 3, 6, 1, 2, 8, 0, 2, 3, 2, 8, 3, 8, 8, 2, 6, 2, 6, 3, 6, 3, 6, 2, 1, 8, 0, 6, 0, 2, 0, 1, 8, 7, 1, 3, 5, 2, 8]","[1, 0, 1, 3, 1, 1, 1, 7, 3, 9, 6, 8, 4, 6, 8, 4, 9, 4, 7, 9, 7, 6, 8, 4, 9, 7, 0, 1, 6, 1, 5, 9, 0, 4, 3, 4, 1, 3, 0, 8, 4, 6, 2, 2, 6, 5, 3, 6, 2, 1, 1, 8, 6, 0, 4, 0, 1, 9, 7, 1, 3, 7, 7, 8]","[1, 1, 1, 1, 0, 1, 0, 0, 0, 0, 0, 1, 0, 1, 1, 1, 0, 0, 1, 0, 1, 0, 1, 1, 0, 0, 1, 0, 1, 1, 0, 0, 1, 0, 1, 0, 0, 1, 0, 1, 0, 1, 1, 0, 0, 0, 1, 1, 1, 1, 0, 0, 1, 1, 0, 1, 1, 0, 1, 1, 1, 0, 0, 1]","[0.9880217137469472, 1.4878551927236254, 1.168095121239328, 1.1730347001872037, 1.1095729446185958, 0.5284125791275919, 1.3719017214818892, 1.4781545225461719, 0.8357170534726065, 1.7084245988471396, 1.3099177056971005, 0.7619750999419002, 1.8476233613132476, 0.915184154412156, 0.9314972110637427, 1.6141840089263495, 0.9165156363805216, 1.617134618505865, 1.7019801046700012, 1.0755135494734889, 1.6430495669778293, 1.834068071020322, 1.5818217501633696, 1.1880840162678474, 1.3292025799444578, 1.3768812992859407, 1.3113334296315657, 1.8522445436592072, 1.2926454031047376, 1.942638437719082, 2.001410423782364, 2.0505651169339423, 1.5919125228121818, 1.2117227175888003, 1.3381928700683094, 1.5876238582935482, 1.9446062909867419, 1.3963938559089815, 1.4656556784538468, 0.8967585737401428, 1.4797046451017766, 0.256872171056732, 1.4318093064905262, 0.9432636792488329, 1.1752196718568362, 1.6352222237500058, 1.5779999530773507, 1.5957905899255833, 1.585133386824488, 1.278065073396374, 1.152839279188735, 1.1603543076022194, 1.4224512502205648, 1.6350893971247387, 1.6421065013853744, 1.2952948256781753, 1.062174555367355, 1.6570624504615643, 1.4666603024318938, 0.9628927940124339, 1.0232812322355678, 1.0201156462202725, 1.8296870015321927, 1.58076536396501]","[0.647874008623603, 0.43218119722734355, 0.6406688191147787, 0.48753385629301305, 0.4637583684116126, 0.820984406032914, 0.39329938226704936, 0.3633031532015899, 0.5108264890934364, 0.43484554827372063, 0.5618225652812109, 0.6762317105373955, 0.23820804107516177, 0.7127280720985749, 0.6313050682156968, 0.3459202573751797, 0.5715157127661108, 0.3418701432007381, 0.25335397671974386, 0.5361286528493034, 0.3865933404440764, 0.2865863691763044, 0.4688425884873969, 0.5164649755738336, 0.47709461749980325, 0.40053667468128956, 0.4187155123514442, 0.32571611981580373, 0.39843679343592675, 0.3108808077856126, 0.2539006291300351, 0.21255183756192045, 0.35554742368169334, 0.5303446227460975, 0.4482182600490508, 0.4601753612376983, 0.2905330743012466, 0.4334022831102137, 0.3872978269842891, 0.6834976101869079, 0.5102036832429587, 0.9521887856020562, 0.5451559929384182, 0.7032969881406959, 0.5610976991233428, 0.379016970562297, 0.3922880533492206, 0.5407519670163075, 0.40749598505426277, 0.474678965362868, 0.6287887008184736, 0.4557024466658357, 0.4859268568384238, 0.4801357394484393, 0.337886872786283, 0.436982081949966, 0.5486593333873385, 0.3365960382785617, 0.39476071691269404, 0.6457749915051524, 0.4902043719725898, 0.5623847090396091, 0.28859527907645566, 0.4033076039807411]","[0.5071929693222046, 0.19668851792812347, 15.474186897277832, 15.061016082763672, 32.0, 32.0]",0.09375,0.140625,0.140625,0.140625,0.046875,0.0625,0.109375,0.046875,0.203125,0.015625,mild_variability,mild_variability,3,stream_a_benign_variability,7,1,1.3632403470761452,"[0.09375, 0.140625, 0.140625, 0.140625, 0.046875, 0.0625, 0.109375, 0.046875, 0.203125, 0.015625]","[0.5071929693222046, 0.19668851792812347, 15.474186897277832, 15.061016082763672, 32.0, 32.0]",1.515795568436071,1.4330113559096247,0.4776704519698749,0.18600716560509556,0.33183880878748523,0.6063182273744284,0,1,0.0,1.0,0.0,0.4051183090563584,0.4051183090563584,True,0,0,stable_or_mild_region,hidden,-2.122975852902201,-0.14939016750487602,-0.1691260243588493,0.99,0.1,0
clean_validation_window_62,clean,validation,8,3968.0,4032.0,0.0,0.0,0.640625,1.3467356301136628,0.49677094929733634,0.359375,known_motion_blur,0.0,0.0,"[1, 9, 1, 0, 1, 0, 2, 2, 5, 6, 8, 0, 7, 6, 9, 6, 8, 4, 6, 9, 5, 2, 8, 3, 2, 3, 2, 1, 9, 4, 9, 9, 8, 9, 4, 9, 0, 3, 0, 8, 2, 3, 7, 9, 9, 2, 4, 3, 7, 5, 0, 7, 8, 1, 3, 7, 0, 8, 9, 6, 6, 9, 4, 9]","[0, 4, 1, 0, 1, 2, 6, 1, 3, 6, 0, 0, 5, 6, 9, 6, 8, 4, 0, 9, 2, 2, 8, 5, 5, 3, 2, 1, 9, 4, 9, 3, 8, 9, 4, 9, 0, 5, 0, 8, 2, 3, 7, 8, 9, 4, 5, 3, 2, 5, 0, 7, 2, 1, 1, 4, 4, 8, 9, 4, 6, 9, 4, 9]","[0, 0, 1, 1, 1, 0, 0, 0, 0, 1, 0, 1, 0, 1, 1, 1, 1, 1, 0, 1, 0, 1, 1, 0, 0, 1, 1, 1, 1, 1, 1, 0, 1, 1, 1, 1, 1, 0, 1, 1, 1, 1, 1, 0, 1, 0, 0, 1, 0, 1, 1, 1, 0, 1, 0, 0, 0, 1, 1, 0, 1, 1, 1, 1]","[1.9691730817559798, 2.041111295505664, 0.30265927587014035, 0.9097812300449107, 1.2290890887411707, 1.5914719001836493, 1.4620573630869313, 2.1288582047514524, 1.6702540683503746, 0.9240528202248695, 1.2554513194782837, 1.0106166677666069, 1.1677813013658873, 1.8864590841058522, 0.8489105207389687, 0.9168482702553434, 0.6034089131261955, 1.1076428716087627, 1.7475322401640463, 0.8686931173333274, 1.6434263705355265, 1.6020947924710418, 1.005533199978926, 1.739999063556558, 1.4746825061235083, 2.1360133159530923, 1.2071383832280003, 0.6601163593167657, 0.9910271091103601, 1.9678287944011799, 0.8224023820031733, 1.8104865996280137, 0.71264651224163, 1.8987851022667088, 1.759052292739702, 1.920841350851095, 1.9101221414929523, 1.7324810382111686, 0.7808072366764734, 1.1164045384098364, 1.6234681264150899, 1.000520621453872, 1.2542566377672537, 2.1276707980479004, 2.047539104605664, 1.7500165988256777, 0.7604639995894577, 1.3630225805119363, 1.5178798247074943, 1.011915377315807, 0.9039521680379599, 0.9207605799407713, 1.2775593959581488, 0.9567842920171594, 2.1348939979191317, 1.4411229469785902, 2.040592996669385, 0.8762850955325985, 1.4295990088255448, 0.5449749628369799, 1.7578876190033597, 0.6713420673988993, 1.3002207324257948, 0.9446090708358218]","[0.28093542148598644, 0.3333918186165029, 0.9226493352278282, 0.5146216852206568, 0.5014965422557643, 0.4173524229587607, 0.4274458415429751, 0.22974088670093468, 0.3436530089583807, 0.7298963439251176, 0.4993562618419405, 0.5781168272833542, 0.6490257937871522, 0.33606864823757915, 0.6532156953384352, 0.7035918772817726, 0.8050507104975944, 0.4498229423075782, 0.4041361180760777, 0.6296165660548971, 0.2918475286556402, 0.35481889452305987, 0.6749407424560827, 0.3969669079667165, 0.48082856590185524, 0.2393514007588381, 0.5795454486934006, 0.742459993900292, 0.6554029007517977, 0.2780497497299312, 0.5043910254911155, 0.2921558201435771, 0.7803754428059111, 0.33010026105298235, 0.34340239656780824, 0.3596997278222315, 0.2561105896541435, 0.34395436707555144, 0.7018482751497925, 0.5619183872137383, 0.3093110145418327, 0.6505551540808944, 0.5407047295888536, 0.20010261329821494, 0.22655844750609483, 0.3079944553288893, 0.8034533315808507, 0.4803398041307564, 0.5357628037547321, 0.49420293321966, 0.5185718662188324, 0.6977905626079516, 0.4132634102859288, 0.7370927508370413, 0.24648377888694337, 0.39955007449061736, 0.2763170823853605, 0.6844749432377331, 0.4478947133993222, 0.8755137863077304, 0.3802234571248704, 0.7986749646800027, 0.5602500366117702, 0.6309008670108885]","[0.4860759675502777, 0.1820238083600998, 15.452970504760742, 15.307760238647461, 32.0, 32.0]",0.109375,0.078125,0.109375,0.09375,0.078125,0.046875,0.09375,0.078125,0.109375,0.203125,stable,stable_recovery,0,stream_a_benign_variability,8,2,1.3467356301136628,"[0.109375, 0.078125, 0.109375, 0.09375, 0.078125, 0.046875, 0.09375, 0.078125, 0.109375, 0.203125]","[0.4860759675502777, 0.1820238083600998, 15.452970504760742, 15.307760238647461, 32.0, 32.0]",1.444628865601231,0.0,0.0,0.2575636942675159,0.12878184713375795,0.5778515462404924,0,1,0.0,1.0,0.0,0.5034347567465436,0.5034347567465436,True,0,0,stable_or_mild_region,hidden,-2.239814810159353,-0.1691260243588493,-0.18983291221685436,0.99,0.1,0
clean_validation_window_10,clean,validation,9,640.0,704.0,0.0,0.0,0.46875,1.2242656133821517,0.53773085523759,0.53125,known_motion_blur,0.0,0.0,"[9, 6, 1, 7, 4, 4, 3, 0, 8, 8, 8, 8, 0, 6, 3, 8, 8, 9, 9, 8, 0, 3, 3, 6, 2, 7, 0, 6, 4, 7, 6, 9, 8, 9, 2, 1, 3, 1, 2, 8, 0, 6, 5, 7, 1, 8, 6, 1, 4, 2, 6, 3, 2, 6, 6, 0, 1, 9, 5, 7, 5, 3, 6, 4]","[9, 3, 1, 7, 4, 4, 3, 2, 8, 8, 8, 8, 0, 5, 2, 1, 0, 7, 9, 8, 2, 3, 2, 6, 5, 4, 0, 3, 4, 7, 3, 9, 1, 9, 5, 1, 6, 1, 5, 0, 8, 2, 7, 4, 9, 1, 6, 1, 4, 4, 4, 3, 2, 6, 4, 8, 9, 8, 5, 7, 3, 4, 4, 2]","[1, 0, 1, 1, 1, 1, 1, 0, 1, 1, 1, 1, 1, 0, 0, 0, 0, 0, 1, 1, 0, 1, 0, 1, 0, 0, 1, 0, 1, 1, 0, 1, 0, 1, 0, 1, 0, 1, 0, 0, 0, 0, 0, 0, 0, 0, 1, 1, 1, 0, 0, 1, 1, 1, 0, 0, 0, 0, 1, 1, 0, 0, 0, 0]","[1.0034036248926448, 1.0118361736114792, 0.44364771774981615, 1.174939267091481, 1.3744722391547697, 1.3481319012366584, 1.7664528215274413, 1.565583803717428, 0.7309787036548275, 1.7723919519061, 0.8380797251447919, 1.367258608427648, 1.6324200808233358, 1.6919328876682296, 1.5155376056119243, 1.1601004881530221, 2.058211444551257, 1.3637327482250041, 0.7752053792530378, 0.6964798938254103, 1.47574857089541, 1.5288721368888283, 1.0435947129358616, 0.603353364480769, 1.7132778722544773, 1.4214285415161976, 0.7717575747519417, 1.0155750540906863, 1.577994224405667, 0.5594628578386156, 1.206800875862962, 1.1984640576004078, 1.4584153895460055, 0.7192657013180843, 1.2524155113140827, 0.8722762479466319, 1.5976660520537131, 0.7810510890618614, 1.689424992628401, 0.8210400787490322, 1.0235889214523024, 1.1320531639003293, 1.593212673567106, 1.6226034598054482, 2.0277720296131916, 1.259788807541789, 0.11628712162448006, 0.6916322330324305, 1.6299767913920389, 1.7732511820186065, 1.0732591447439286, 1.240639283124058, 1.616964146594613, 0.941441165405899, 0.6265664297839622, 1.464468037381644, 1.1109756619684825, 1.1942079780836854, 0.7963593635792188, 1.0582220297070233, 1.197898463057851, 1.6811572008402498, 1.5764574221076195, 1.3055345737658148]","[0.7151073529177276, 0.7026032127189634, 0.8984462444695379, 0.5356882840058368, 0.5730807225780897, 0.4573265923870064, 0.25513141358701513, 0.3686094994290685, 0.7179055405202661, 0.32943435705803753, 0.5043588798694683, 0.4836400039918027, 0.47394264402361336, 0.4055645164442134, 0.3846007030287236, 0.4256903364536567, 0.26203253383350855, 0.5232449790292666, 0.7121962424838184, 0.6256473538479118, 0.4335521562345498, 0.37689784035073987, 0.5222782112597372, 0.8524887963577259, 0.32526421411214573, 0.4009255345243835, 0.8156969764340604, 0.6642040082694742, 0.41447112738069813, 0.8702519276992122, 0.6147786728548187, 0.5221088680939687, 0.4439741617462019, 0.7048688108698791, 0.6001854035497618, 0.5390930643300929, 0.42499418292768143, 0.7730055576562637, 0.3544065386618387, 0.5462673602759631, 0.5267473112276038, 0.6463864499606127, 0.3432021251642227, 0.3675040947981784, 0.2598008367739912, 0.5197554581428504, 0.9811856709814931, 0.5808860356755352, 0.45234229415046767, 0.42365343353498364, 0.6034093327335354, 0.5524448642440637, 0.4036964233515324, 0.7406005236050834, 0.8447035068891341, 0.4962882912643676, 0.48748398714813235, 0.46078191770403615, 0.726233392643943, 0.7298066300334338, 0.466403893348525, 0.38372499721467285, 0.322156809267201, 0.5416116290814332]","[0.49563300609588623, 0.1846863478422165, 15.492154121398926, 15.36124324798584, 32.0, 32.0]",0.09375,0.09375,0.078125,0.109375,0.078125,0.046875,0.171875,0.078125,0.15625,0.09375,stable,stable_recovery,1,stream_a_benign_variability,9,2,1.2242656133821517,"[0.09375, 0.09375, 0.078125, 0.109375, 0.078125, 0.046875, 0.171875, 0.078125, 0.15625, 0.09375]","[0.49563300609588623, 0.1846863478422165, 15.492154121398926, 15.36124324798584, 32.0, 32.0]",1.6027665542713354,0.0,0.0,0.21606289808917198,0.10803144904458599,0.6411066217085342,0,1,0.0,1.0,0.0,0.571846944373282,0.571846944373282,True,0,1,stable_or_mild_region,hidden,-2.1927673000998222,-0.18983291221685436,-0.20986225609568404,0.99,0.1,0
clean_validation_window_63,clean,validation,10,4032.0,4096.0,0.0,0.0,0.609375,1.2621948319267373,0.5367442992235069,0.390625,clean_cifar10,0.0,0.0,"[3, 5, 3, 9, 9, 7, 4, 6, 1, 6, 8, 8, 7, 1, 6, 3, 3, 4, 1, 5, 5, 2, 2, 2, 6, 1, 7, 6, 1, 6, 6, 7, 1, 9, 1, 0, 4, 0, 7, 7, 9, 9, 1, 1, 6, 6, 3, 5, 1, 3, 3, 5, 1, 1, 8, 1, 1, 2, 8, 0, 0, 0, 6, 6]","[3, 5, 6, 9, 9, 7, 7, 6, 1, 6, 8, 8, 3, 1, 6, 7, 7, 2, 0, 7, 5, 2, 3, 4, 6, 9, 7, 6, 1, 6, 6, 7, 9, 9, 1, 0, 2, 2, 5, 7, 9, 9, 9, 1, 6, 4, 3, 3, 1, 3, 6, 3, 1, 1, 9, 9, 6, 3, 8, 0, 0, 2, 6, 6]","[1, 1, 0, 1, 1, 1, 0, 1, 1, 1, 1, 1, 0, 1, 1, 0, 0, 0, 0, 0, 1, 1, 0, 0, 1, 0, 1, 1, 1, 1, 1, 1, 0, 1, 1, 1, 0, 0, 0, 1, 1, 1, 0, 1, 1, 0, 1, 0, 1, 1, 0, 0, 1, 1, 0, 0, 0, 0, 1, 1, 1, 0, 1, 1]","[1.4126512391681958, 1.7676396601240423, 1.2043002681661008, 0.6630391770991874, 1.9712951278794255, 0.9083926740930931, 1.3666564797318772, 0.6245810128672252, 0.5498662557085707, 0.886541994256096, 1.5883384589365517, 1.489275753071105, 1.7261158688479434, 0.8487720725679646, 1.3662323182253753, 1.8669080811761418, 1.491686252514189, 1.3267855598592273, 1.5842465637408802, 1.6455824839717248, 1.2466754411652388, 1.7021924438095546, 1.7707461728606848, 1.302868750816709, 1.3310729804987977, 0.7134981781462779, 0.3602509256331649, 0.2836061717609464, 1.372131910649021, 0.5831746174205789, 1.7185211958042192, 1.4141952492576855, 0.7186399160962753, 0.618068229041537, 0.6418750434626684, 1.1415112581028244, 1.7229907780519225, 1.9236074145146285, 1.8373680029572677, 1.0206197248759714, 1.5409600219566155, 1.2940114266429834, 0.8512198320019588, 1.0021753092040069, 1.29260453880605, 1.252680169977684, 1.480731594614678, 1.7149431167465738, 1.748788768136699, 1.5070213023943961, 1.9265387752406258, 0.7596740243197915, 1.0727234201402898, 0.8903272226961989, 0.9684231956198506, 1.396077081070934, 1.3380561131232096, 1.6781890269764337, 0.7353852683485858, 1.3107440836946616, 1.8809049272096305, 1.6203322108971603, 1.3380786947828707, 0.46735741177841594]","[0.4446876910168585, 0.2731706993911571, 0.5177685696846287, 0.6356183714635193, 0.3413245740523753, 0.6973733453244274, 0.3925326224721261, 0.8463073378340491, 0.8094207105030781, 0.781252754592335, 0.46130210809315314, 0.31879136088472143, 0.3077403116472665, 0.7169194223170827, 0.539168042471972, 0.30400811275211836, 0.4479363060424451, 0.37366368538155476, 0.47075311199471803, 0.2903247122819676, 0.5957178950894054, 0.33807665508438284, 0.3054178971196932, 0.5652907185317295, 0.46393510638416685, 0.7020829817746624, 0.9138885334021875, 0.9497315505481876, 0.4635751892868635, 0.8546911478752093, 0.40859553954117583, 0.5716199580693464, 0.699450169095704, 0.7869413552351464, 0.8364034781971558, 0.6478193545916001, 0.33852230881618506, 0.2608989137573642, 0.2598012619996243, 0.72910621241771, 0.5206918225616736, 0.6328366181230903, 0.5405971490839486, 0.750066605989719, 0.6680877006770168, 0.4614223930806801, 0.4375794211877941, 0.28883479286941477, 0.43453453847502604, 0.38536616212511904, 0.2542791448309118, 0.7706751517420348, 0.484877215950631, 0.6953452355110097, 0.6512465110708694, 0.5059209029879025, 0.45966930020893126, 0.35166632716570795, 0.7240512063662167, 0.5938988794507227, 0.29477461968469587, 0.3659236324979974, 0.5185493291452108, 0.8991104124990611]","[0.48646801710128784, 0.19453439116477966, 15.498428344726562, 15.093194007873535, 31.71875, 31.71875]",0.078125,0.21875,0.0625,0.109375,0.046875,0.078125,0.171875,0.09375,0.0625,0.078125,stable,stable_recovery,2,stream_a_benign_variability,10,2,1.2621948319267373,"[0.078125, 0.21875, 0.0625, 0.109375, 0.046875, 0.078125, 0.171875, 0.09375, 0.0625, 0.078125]","[0.48646801710128784, 0.19453439116477966, 15.498428344726562, 15.093194007873535, 31.71875, 31.71875]",6.086388845956478,0.0,0.0,0.16752373417721517,0.08376186708860758,1.0,0,1,0.0,1.0,0.0,0.9162381329113924,0.9162381329113924,True,0,0,stable_or_mild_region,hidden,-2.242684334593535,-0.20986225609568404,-0.23019047688066258,0.99,0.1,0
clean_validation_window_37,clean,validation,11,2368.0,2432.0,0.0,0.0,0.640625,1.2430544014945097,0.5327445082656946,0.359375,known_motion_blur,0.0,0.0,"[2, 3, 1, 6, 9, 8, 4, 0, 8, 1, 8, 8, 8, 0, 7, 7, 4, 6, 5, 4, 5, 8, 1, 8, 0, 0, 6, 8, 6, 5, 0, 4, 8, 0, 1, 4, 0, 1, 3, 6, 3, 8, 3, 2, 9, 2, 8, 4, 3, 3, 0, 9, 1, 8, 3, 1, 5, 4, 9, 9, 0, 8, 0, 8]","[2, 6, 1, 2, 7, 8, 4, 0, 8, 1, 8, 0, 8, 0, 7, 7, 4, 4, 5, 7, 5, 8, 1, 8, 2, 8, 3, 8, 6, 2, 0, 4, 8, 0, 0, 4, 0, 9, 7, 6, 4, 8, 3, 2, 9, 3, 8, 4, 5, 7, 0, 9, 9, 0, 7, 1, 5, 4, 9, 9, 0, 9, 8, 0]","[1, 0, 1, 0, 0, 1, 1, 1, 1, 1, 1, 0, 1, 1, 1, 1, 1, 0, 1, 0, 1, 1, 1, 1, 0, 0, 0, 1, 1, 0, 1, 1, 1, 1, 0, 1, 1, 0, 0, 1, 0, 1, 1, 1, 1, 0, 1, 1, 0, 0, 1, 1, 0, 0, 0, 1, 1, 1, 1, 1, 1, 0, 0, 0]","[1.0946834646712544, 1.692864029429326, 1.9918140855633637, 1.3782781472156629, 1.3758946056657582, 1.0965200739893448, 1.4725744805777614, 0.9603529196761053, 1.266009523861641, 0.6839735858174992, 1.4703413289826044, 1.2994998381166016, 0.9933298719455608, 1.2129284340616917, 1.2221220658892562, 1.0516141682605908, 1.615199745278968, 1.560556895847462, 1.3917019752932542, 0.9901234428019657, 1.181821117524544, 0.9058097524141475, 0.4287914998807963, 1.8299122106580499, 0.8545117990349929, 1.9062681397943462, 1.3595084468361263, 0.904341162577293, 0.22231670719516902, 1.9744122537886801, 0.8172744884617001, 1.2208885826752134, 0.7724447970067587, 1.944838730333275, 1.8626180987205738, 1.3412875116184706, 1.7415004094995843, 0.747087360263984, 1.6739308066991307, 1.6588915121557217, 1.4976369128332012, 0.9211504100030479, 1.6660968129519158, 1.5527155003327766, 0.9021112465759479, 1.6002170478495867, 0.6335841642579207, 1.411473147428243, 0.9803916316942589, 1.3599018784522894, 1.147358092991344, 0.6035826998624158, 0.6907707511897196, 1.956522963808736, 1.5631895382725902, 1.125838848388565, 0.5965936833588391, 1.1414434767961568, 0.7509429291955707, 0.5692754835352265, 1.6385736457908016, 1.3788579144062039, 1.2428243869808382, 1.455590458608199]","[0.6627178392576462, 0.3873169654059273, 0.25902847312381433, 0.4712138131959426, 0.5313801781466557, 0.5997267306784575, 0.529929857166427, 0.6497920038524945, 0.5684146187899286, 0.7244303116842198, 0.4809629792887448, 0.4621258391296971, 0.5986083012129636, 0.6061428327660907, 0.5100469665182624, 0.5387668160212609, 0.35894806190512457, 0.32568931754132907, 0.45482332931183517, 0.750243361420576, 0.4954344064806897, 0.6595479997680046, 0.8723315485378484, 0.3470339549248883, 0.7246982258840775, 0.34060033222271763, 0.5368387299250974, 0.7215053653675367, 0.9603807982814103, 0.2231542487628685, 0.6637406553576908, 0.6327575650856503, 0.5996269985701288, 0.23571905708399307, 0.22589651537423433, 0.4455932887224906, 0.39944365624128636, 0.7013862341500925, 0.4213495211106684, 0.2928628850040842, 0.4426339924594244, 0.7435159627304115, 0.36580308712405135, 0.3872996237511706, 0.49936558260557656, 0.4811599590752414, 0.7718301731755586, 0.43095962225736656, 0.47138207375865243, 0.5872723364016748, 0.6399855125723016, 0.7827157609397427, 0.6721514055435606, 0.3168429080201439, 0.4124482788953738, 0.5685280881309603, 0.8141815295694876, 0.5071180808781236, 0.6153107490352113, 0.8154893384935102, 0.4161068013137344, 0.459400556185081, 0.5115011680362024, 0.4124353547790393]","[0.48941296339035034, 0.19007515907287598, 15.346529960632324, 15.41492748260498, 31.984375, 31.921875]",0.15625,0.109375,0.046875,0.109375,0.109375,0.0625,0.078125,0.03125,0.21875,0.078125,stable,stable_recovery,3,stream_a_benign_variability,11,2,1.2430544014945097,"[0.15625, 0.109375, 0.046875, 0.109375, 0.109375, 0.0625, 0.078125, 0.03125, 0.21875, 0.078125]","[0.48941296339035034, 0.19007515907287598, 15.346529960632324, 15.41492748260498, 31.984375, 31.921875]",1.6927383820149804,0.0,0.0,0.23686305732484078,0.11843152866242039,0.6770953528059922,0,1,0.0,1.0,0.0,0.5969059151229578,0.5969059151229578,True,0,0,stable_or_mild_region,hidden,-2.224924690085795,-0.23019047688066258,-0.2501378190127139,0.99,0.1,0
