window_id,corruption_type,split,window_index,start_index,end_index_exclusive,severity,severity_is_inferred,window_accuracy,window_entropy,window_max_probability,window_wrong_fraction,matched_context,distance_from_closest_historical_context,output_distribution_deviation,predicted_labels_json,true_labels_json,correctness_flags_json,entropies_json,max_probabilities_json,input_feature_mean_json,output_dist_0,output_dist_1,output_dist_2,output_dist_3,output_dist_4,output_dist_5,output_dist_6,output_dist_7,output_dist_8,output_dist_9,pool_name,region_label,region_order,stream_name,stream_window_index,segment_index,avg_entropy,output_distribution,input_feature_mean,delta_input,delta_entropy,delta_entropy_norm,delta_output,proxy_score,input_score,proxy_abnormal,input_abnormal,proxy_persistence,input_persistence,visible_branch_score,hidden_branch_score,final_score,trigger,oracle_trigger,oracle_trigger_accuracy_aux,oracle_reason,branch_dominant,poem_uniformized_entropy,poem_betting_factor,poem_wealth,poem_epsilon,poem_decision
clean_validation_window_7,clean,validation,0,448.0,512.0,0.0,0.0,0.4375,1.3301989793497637,0.48981937661885866,0.5625,clean_cifar10,0.0,0.0,"[4, 7, 3, 4, 6, 6, 2, 9, 0, 0, 3, 7, 6, 0, 0, 9, 1, 9, 9, 6, 5, 2, 1, 3, 9, 3, 6, 1, 7, 7, 8, 5, 6, 3, 8, 1, 8, 1, 1, 0, 1, 6, 2, 3, 3, 4, 2, 9, 3, 9, 9, 5, 1, 3, 3, 3, 2, 7, 7, 1, 5, 0, 3, 6]","[5, 7, 5, 2, 6, 6, 3, 1, 3, 0, 3, 7, 2, 8, 8, 9, 9, 9, 1, 3, 7, 5, 1, 3, 9, 5, 6, 1, 7, 5, 8, 3, 7, 5, 5, 1, 0, 1, 8, 1, 1, 2, 7, 4, 5, 7, 2, 9, 4, 9, 9, 5, 1, 5, 3, 5, 5, 7, 7, 0, 3, 0, 4, 5]","[0, 1, 0, 0, 1, 1, 0, 0, 0, 1, 1, 1, 0, 0, 0, 1, 0, 1, 0, 0, 0, 0, 1, 1, 1, 0, 1, 1, 1, 0, 1, 0, 0, 0, 0, 1, 0, 1, 0, 0, 1, 0, 0, 0, 0, 0, 1, 1, 0, 1, 1, 1, 1, 0, 1, 0, 0, 1, 1, 0, 0, 1, 0, 0]","[1.49019148752153, 1.3072282503072912, 1.359707050432562, 1.5043864304836967, 0.5076992586250391, 1.3743041765387778, 1.613487735392234, 1.7376481716540746, 1.7572463187190872, 1.6143945049725366, 2.047271797050726, 2.002870366575511, 1.3901385665462154, 1.02266790251432, 1.1456459330628113, 0.7148794430705798, 0.7263360272920029, 1.2120069955038126, 1.5143517615420174, 1.5872524170461988, 1.7398323901133363, 1.968921781030932, 0.8220879611096559, 1.7312207722479205, 1.5390488247496767, 1.340164943582896, 0.9495024310306299, 0.6560518295730802, 0.7142173571417018, 1.4633308962569187, 0.9333209218510488, 1.3210473885367735, 1.485604624781461, 1.7700915365454832, 1.8142614186612747, 1.2274783284342665, 1.4304415692031172, 0.7490194015494092, 0.9073257323851065, 1.5106278016779513, 0.4484469313787877, 1.371348597828173, 2.0728128549140132, 1.7329035174128746, 1.8522279725462312, 1.7637609066993365, 1.081448648001239, 0.8193297571274784, 1.774736004425299, 0.608577021377163, 0.8453413638669315, 1.0563294912404675, 0.6106487599524075, 1.3736683056684174, 1.013786449025064, 1.2019443636671898, 1.3805657876184214, 1.0990611011673763, 2.0734159086759445, 1.6018690037388652, 0.8796515636303508, 1.1525956379993314, 2.1291758686301607, 1.4857763564796922]","[0.4481827730098257, 0.664471990262495, 0.4725457309719387, 0.41093547784884576, 0.8831009363124939, 0.5675832893073117, 0.4122581223402574, 0.35250497311316475, 0.28158319293200834, 0.41645593837882455, 0.23541966899405284, 0.21970894560373483, 0.4198259392190924, 0.5204558645853952, 0.5966765512644449, 0.6450167736754903, 0.6086439905824227, 0.4370488221061575, 0.43781699105392763, 0.3064794926472836, 0.33727980026173154, 0.26863051490483464, 0.6570921758305597, 0.33403422012293643, 0.5105506434713969, 0.5242894237522597, 0.6975906727487501, 0.7572878728437649, 0.8142128624110239, 0.40710544493890444, 0.5457850514388546, 0.4395928059007946, 0.4490682806757161, 0.3280796145888876, 0.41280200960735475, 0.42056450307333154, 0.5314515651688974, 0.7206818453161891, 0.5080590596177749, 0.30991739259012774, 0.8414380636131411, 0.4630831109995134, 0.249410640791085, 0.2471655673955088, 0.27482484692281667, 0.33093108696472495, 0.6931173769531311, 0.629804653433334, 0.307725484845965, 0.7562411562247603, 0.7768406414703829, 0.5836085336211675, 0.763583336346641, 0.42101164114446693, 0.5185265008958245, 0.4670287861470149, 0.5317421115637365, 0.6606527811826743, 0.26670695821046164, 0.29734750998099096, 0.6261668221181534, 0.6548779775046177, 0.21431302032630117, 0.4615002714772833]","[0.484480082988739, 0.2015220820903778, 15.389193534851074, 15.416017532348633, 31.953125, 31.9375]",0.09375,0.140625,0.078125,0.1875,0.046875,0.0625,0.125,0.09375,0.046875,0.125,stable,stable,0,stream_d_mixed_long,0,0,1.3301989793497637,"[0.09375, 0.140625, 0.078125, 0.1875, 0.046875, 0.0625, 0.125, 0.09375, 0.046875, 0.125]","[0.484480082988739, 0.2015220820903778, 15.389193534851074, 15.416017532348633, 31.953125, 31.9375]",1.5405392736035848,1.0469115944498015,0.3489705314832672,0.12420886075949367,0.23658969612138042,0.6162157094414339,0,1,0.0,1.0,0.0,0.47042542199946413,0.47042542199946413,True,0,1,stable_or_mild_region,hidden,0.8860759493670886,1.0,1.0,0.0,0
clean_validation_window_76,clean,validation,1,4864.0,4928.0,0.0,0.0,0.6875,1.1700643991401134,0.5717575667067912,0.3125,clean_cifar10,0.0,0.0,"[9, 8, 3, 5, 0, 9, 2, 1, 3, 1, 2, 1, 8, 0, 9, 9, 3, 8, 5, 3, 5, 2, 1, 0, 4, 9, 3, 0, 6, 7, 1, 5, 0, 8, 4, 8, 3, 3, 4, 4, 9, 8, 3, 7, 9, 6, 8, 9, 5, 1, 3, 8, 6, 9, 3, 1, 5, 0, 6, 6, 8, 5, 9, 6]","[9, 8, 5, 5, 0, 0, 2, 1, 3, 1, 6, 1, 8, 2, 9, 9, 9, 2, 5, 5, 5, 7, 1, 8, 2, 9, 5, 0, 6, 7, 1, 4, 3, 8, 4, 8, 3, 3, 4, 7, 9, 8, 3, 7, 9, 6, 8, 9, 7, 1, 2, 8, 8, 9, 3, 1, 5, 0, 3, 6, 8, 7, 9, 5]","[1, 1, 0, 1, 1, 0, 1, 1, 1, 1, 0, 1, 1, 0, 1, 1, 0, 0, 1, 0, 1, 0, 1, 0, 0, 1, 0, 1, 1, 1, 1, 0, 0, 1, 1, 1, 1, 1, 1, 0, 1, 1, 1, 1, 1, 1, 1, 1, 0, 1, 0, 1, 0, 1, 1, 1, 1, 1, 0, 1, 1, 0, 1, 0]","[1.0052122728295056, 0.9106773403829248, 1.8071119419327866, 1.2320411686410764, 0.5815812297662407, 1.3985490724912542, 1.6914449334750015, 1.0884981149227608, 1.0274353947979529, 0.6359465489079985, 2.014855362871647, 1.158187162468897, 1.0600109653708805, 1.3959407653243143, 0.6019393723709386, 0.5783190557915533, 1.9490900685877128, 0.7456752716690661, 1.1023362160947685, 1.7050448600961579, 1.4071189098670491, 1.756952458387973, 0.9032964585683587, 0.9502629414319165, 1.5371185959149862, 0.9181369788426288, 1.9969685129717578, 1.059670699592905, 0.9161420703654919, 1.4439846615769616, 0.7886819444373336, 1.2605720274582275, 1.5186072430373316, 1.1693483867245487, 1.27866277784077, 1.45233375631591, 1.487247169394142, 2.1642386065649077, 1.0578645231506671, 1.6594165075447738, 0.7051658635834346, 0.5162660724985965, 1.2808581123275478, 0.7379618069772791, 0.33293105849428106, 0.2981227507380941, 1.0804394448277574, 1.6884211938588174, 0.8929792720132407, 0.7290705590601183, 1.6620634383783353, 1.4298287816047048, 1.5619578992024257, 0.9315300439232813, 1.565863711280983, 0.9715237639955414, 1.4716245058447697, 1.1842035287998776, 0.8652858584913039, 0.43636249627206714, 0.7734257189680918, 1.61899462784618, 0.8424003905901905, 0.8903182966082523]","[0.5621965791153379, 0.759858462481094, 0.3072176614894634, 0.5213039768636123, 0.8309551549132885, 0.5750322159596511, 0.3948252245103019, 0.4828195435762482, 0.5578706909341953, 0.8297114242740685, 0.2741916759895053, 0.5485282898890784, 0.6124654458444808, 0.513651759465714, 0.8677361851491568, 0.7571425290891626, 0.3141563995320529, 0.7892857821656034, 0.639123213899981, 0.38526401752244926, 0.40492977740286734, 0.32537178002426614, 0.6443098468489578, 0.5813662335052713, 0.36362662530448386, 0.6130702178469523, 0.2177920967379323, 0.6668592193212989, 0.7516931185778359, 0.45850024789987615, 0.5643211732037511, 0.5081317468719786, 0.5209659129949784, 0.5866426838757324, 0.557230518098328, 0.5376922027190247, 0.44836378246053665, 0.18787444019866528, 0.6010813514485066, 0.3558349193410933, 0.5167324133582029, 0.8446400753135636, 0.5399363835703144, 0.802688477206327, 0.9140603647979645, 0.944004965675231, 0.614512253276671, 0.37818788877481213, 0.7153614566505235, 0.8228240168326769, 0.34578991331741055, 0.5142486828266591, 0.33624979075104744, 0.7165894451056519, 0.4083506639838192, 0.6987478666146656, 0.4360352882086002, 0.5726764808549116, 0.7585454947454383, 0.8965395639276807, 0.6121743073959054, 0.40770348022543845, 0.6423816245924293, 0.7345092438819142]","[0.5030614733695984, 0.1991686075925827, 15.39957046508789, 15.046440124511719, 32.0, 31.84375]",0.09375,0.109375,0.046875,0.15625,0.0625,0.109375,0.09375,0.03125,0.140625,0.15625,stable,stable,1,stream_d_mixed_long,1,0,1.1700643991401134,"[0.09375, 0.109375, 0.046875, 0.15625, 0.0625, 0.109375, 0.09375, 0.03125, 0.140625, 0.15625]","[0.5030614733695984, 0.1991686075925827, 15.39957046508789, 15.046440124511719, 32.0, 31.84375]",2.2289365041758757,0.0,0.0,0.1437895569620253,0.07189477848101265,0.8915746016703503,0,1,0.0,1.0,0.0,0.8274750431839634,0.8274750431839634,True,0,0,stable_or_mild_region,hidden,0.0379746835443038,0.9666561948964852,0.9666561948964852,0.07216878364870323,0
clean_validation_window_0,clean,validation,2,0.0,64.0,0.0,0.0,0.671875,1.1994383160657955,0.5421609763765883,0.328125,clean_cifar10,0.0,0.0,"[7, 1, 4, 1, 8, 2, 2, 3, 9, 6, 0, 1, 3, 1, 1, 2, 1, 8, 3, 6, 1, 2, 4, 2, 0, 8, 3, 4, 1, 5, 1, 7, 6, 9, 7, 0, 3, 8, 7, 6, 9, 2, 1, 3, 9, 9, 3, 8, 9, 7, 6, 3, 9, 3, 7, 9, 9, 3, 3, 9, 4, 7, 8, 1]","[7, 1, 4, 1, 0, 2, 2, 5, 9, 6, 0, 1, 3, 1, 1, 2, 1, 8, 5, 6, 9, 2, 4, 2, 8, 8, 3, 7, 1, 7, 1, 7, 5, 9, 7, 0, 7, 8, 3, 6, 1, 2, 2, 5, 9, 8, 4, 8, 9, 4, 2, 5, 9, 3, 7, 9, 9, 3, 7, 9, 2, 7, 8, 9]","[1, 1, 1, 1, 0, 1, 1, 0, 1, 1, 1, 1, 1, 1, 1, 1, 1, 1, 0, 1, 0, 1, 1, 1, 0, 1, 1, 0, 1, 0, 1, 1, 0, 1, 1, 1, 0, 1, 0, 1, 0, 1, 0, 0, 1, 0, 0, 1, 1, 0, 0, 0, 1, 1, 1, 1, 1, 1, 0, 1, 0, 1, 1, 0]","[0.8521538762614443, 0.8745051594988904, 1.2344778543903054, 0.5756563303279545, 1.5655324995886757, 1.804216069201631, 1.177396291012462, 1.5050977977290954, 0.797697076862947, 0.942877500282734, 0.9792079576167385, 0.6289210518482096, 1.6577851123524634, 0.6042267040295645, 0.7508845393528931, 1.6172575313308175, 1.102396264806167, 0.7407884635599699, 1.1946439149658197, 0.47735234257954445, 0.8528627025818307, 1.2871022238756904, 1.3275274480957329, 1.3221043957627205, 0.9035907947742351, 0.6516509647390964, 1.5005111478920106, 2.087743148455161, 0.6111623227096653, 1.778314070427449, 0.9738545643412099, 1.5121718934720028, 1.7674594094960585, 0.8128887646417624, 0.7915301032601274, 0.7951955734825167, 1.8279277897861668, 0.8255399967692804, 1.690202237438726, 0.1769792062542401, 1.9901588475287593, 1.749440244697469, 2.0803768699862912, 1.2724940481899887, 1.60863278049979, 1.2128154578198644, 1.8046696371157138, 1.223827449017827, 0.8026097058079427, 1.496515183835109, 1.3905572524049419, 1.7016987541585102, 0.6918576555553191, 1.2048763981756798, 0.43757466964462544, 0.9316646542454852, 1.0381177331231553, 1.9913825461082006, 1.9114696262515463, 0.8641476405795926, 1.6532263870199564, 1.6282053472122862, 0.7524215486523143, 0.7459186947265362]","[0.7749445136817908, 0.6197302908470462, 0.5952296604356533, 0.8136664565545222, 0.3156631490804606, 0.3476722893934304, 0.644921926285929, 0.39583799140969644, 0.6054241795402192, 0.7370175898239335, 0.6621560620810618, 0.7689547230849448, 0.39114449978870186, 0.7417578007056219, 0.645331551911516, 0.3613016861565177, 0.6748736147630126, 0.7707965256318282, 0.496845935645292, 0.8987582445672613, 0.5166289427068099, 0.4521060777148522, 0.4342266616034899, 0.5041520090845057, 0.4883174358113959, 0.8236218984062492, 0.42228051320596316, 0.2005083498431688, 0.8488189349291674, 0.3642029202718012, 0.6149471038393785, 0.4642434325589316, 0.381658359881756, 0.5758210192838417, 0.821833075899811, 0.6929437307065355, 0.35722799172828046, 0.7809837112692458, 0.4494232218927158, 0.9687188249638207, 0.28370757610573005, 0.3360742931589985, 0.19970226825448648, 0.5156470084469122, 0.4854276875935039, 0.47977873273457544, 0.2952554499038847, 0.4021176940359935, 0.6025386536116808, 0.4083085286017849, 0.5336513008512128, 0.3734934948154249, 0.6205047223113037, 0.5761977277926266, 0.8713998081541513, 0.5212418991735129, 0.4623385517339155, 0.28169483334371975, 0.3164299960739387, 0.6747863745716187, 0.3042504559009708, 0.37680884059699904, 0.6905188078935042, 0.6617348754510457]","[0.45467114448547363, 0.19848965108394623, 15.30673599243164, 15.327807426452637, 32.0, 31.953125]",0.046875,0.171875,0.09375,0.171875,0.0625,0.015625,0.078125,0.109375,0.09375,0.15625,stable,stable,2,stream_d_mixed_long,2,0,1.1994383160657955,"[0.046875, 0.171875, 0.09375, 0.171875, 0.0625, 0.015625, 0.078125, 0.109375, 0.09375, 0.15625]","[0.45467114448547363, 0.19848965108394623, 15.30673599243164, 15.327807426452637, 32.0, 31.953125]",2.431513124843493,0.0,0.0,0.19046677215189872,0.09523338607594936,0.9726052499373973,0,1,0.0,1.0,0.0,0.8799807586706139,0.8799807586706139,True,0,0,stable_or_mild_region,hidden,0.12658227848101267,0.9940150838227766,0.9608708385978361,0.016027402644089687,0
clean_validation_window_18,clean,validation,3,1152.0,1216.0,0.0,0.0,0.6875,1.1753500615260961,0.5662253203688883,0.3125,clean_cifar10,0.0,0.0,"[8, 4, 7, 3, 4, 6, 4, 8, 3, 7, 1, 8, 4, 5, 9, 7, 7, 7, 6, 1, 7, 9, 6, 8, 8, 9, 9, 6, 6, 1, 6, 2, 7, 4, 9, 5, 6, 9, 9, 6, 8, 6, 1, 9, 1, 8, 3, 1, 1, 5, 2, 5, 3, 3, 1, 1, 6, 3, 8, 7, 8, 1, 4, 5]","[8, 4, 7, 3, 6, 3, 7, 0, 3, 7, 1, 9, 4, 5, 9, 7, 7, 5, 6, 9, 7, 1, 4, 8, 8, 1, 9, 2, 6, 9, 3, 2, 7, 4, 9, 5, 6, 9, 9, 6, 0, 6, 1, 9, 3, 8, 3, 8, 0, 5, 2, 5, 3, 3, 1, 1, 6, 5, 8, 7, 8, 1, 2, 3]","[1, 1, 1, 1, 0, 0, 0, 0, 1, 1, 1, 0, 1, 1, 1, 1, 1, 0, 1, 0, 1, 0, 0, 1, 1, 0, 1, 0, 1, 0, 0, 1, 1, 1, 1, 1, 1, 1, 1, 1, 0, 1, 1, 1, 0, 1, 1, 0, 0, 1, 1, 1, 1, 1, 1, 1, 1, 0, 1, 1, 1, 1, 0, 0]","[0.6378033511187639, 1.4424701082909237, 1.222051301454737, 1.5959701334101921, 1.167638106828554, 1.3165664475271932, 0.9453228590280494, 1.3070514063300513, 1.3928301948626896, 1.3889349868318495, 0.4478164163048922, 0.9695626974852463, 1.0974308022624688, 1.6415263887382066, 1.2033470807289492, 1.732255738851686, 1.6128135663772796, 2.189499539894718, 1.736422374118518, 1.2914072736692421, 0.5747579829523273, 0.7337462474044608, 1.3961253862214873, 0.8984443624460376, 1.4878073148866278, 0.9561974093592457, 0.6094139527128312, 1.161399575453076, 1.5833963014551378, 0.9396866056474165, 0.655714710079854, 1.8698584069302435, 2.0381918029843296, 1.1673910234578226, 0.698109614847457, 0.9257047523784375, 0.4255679694926968, 0.4845146172376873, 1.0722443694774904, 0.6123557146311666, 1.745820149280113, 1.8454830684751462, 0.7584066166251241, 0.6505285131811881, 1.7199950888463267, 0.8182404993216068, 1.2305971732375804, 1.4901354892832805, 1.5569548674391707, 0.9248784262273906, 1.7023079812237014, 0.9618189741901942, 1.4447607489070533, 1.371128770476365, 0.40222935864818676, 0.6995528699742439, 0.8995455755482089, 1.5475387981318325, 1.0717229783692892, 0.7323417476683364, 0.6363169123492687, 1.4055578699494322, 1.9360926330401105, 1.0410999331069666]","[0.8166720879489457, 0.4643418946776343, 0.6409855809446383, 0.29609815325731276, 0.5019652877580792, 0.5519219576062633, 0.6458324367963767, 0.4644935116523018, 0.3830304465381524, 0.4864348854160216, 0.8790568136189522, 0.6895421477034827, 0.6795359777470886, 0.3280378097005399, 0.4953150392145617, 0.449213287202337, 0.5262114190688627, 0.18492393241561833, 0.2725573659516933, 0.3846316521899805, 0.850970774780165, 0.6784504756664219, 0.47533325753278105, 0.514509558140091, 0.39163311507800014, 0.47226889412110795, 0.7578175507791485, 0.6112428016778823, 0.539913780911911, 0.6138822366904413, 0.8227488970639533, 0.25794415124800585, 0.2701850914482783, 0.6136418039064457, 0.7645892392828616, 0.6646003485676467, 0.908755766411463, 0.8524204489377498, 0.568748613493994, 0.855957158851981, 0.35710164889008517, 0.42280523549585675, 0.8041343682736024, 0.7817540093109003, 0.2705948249151517, 0.7079075731599894, 0.5765689384754596, 0.42288035708543226, 0.36721564211231716, 0.7141581102020997, 0.37537372893023885, 0.7112668707116159, 0.40275621789669036, 0.47811871732676053, 0.8927792131798985, 0.7428265892951257, 0.7509636188765992, 0.3543321339079834, 0.5962492022924405, 0.8201169410570569, 0.7633004668937138, 0.4514546918238486, 0.29084495311635217, 0.5565007983804564]","[0.4697391092777252, 0.2053660750389099, 15.715354919433594, 15.165934562683105, 32.0, 31.90625]",0.0,0.15625,0.03125,0.09375,0.09375,0.078125,0.15625,0.125,0.140625,0.125,stable,stable,3,stream_d_mixed_long,3,0,1.1753500615260961,"[0.0, 0.15625, 0.03125, 0.09375, 0.09375, 0.078125, 0.15625, 0.125, 0.140625, 0.125]","[0.4697391092777252, 0.2053660750389099, 15.715354919433594, 15.165934562683105, 32.0, 31.90625]",2.6858436088473465,0.0,0.0,0.1661392405063291,0.08306962025316456,1.0,0,1,0.0,1.0,0.0,0.9169303797468354,0.9169303797468354,True,0,0,stable_or_mild_region,hidden,0.06329113924050633,1.0094412091436746,0.9699426211450962,-0.021619000647834452,0
brightness_test_window_138,brightness,test,4,8832.0,8896.0,0.0,0.0,0.625,1.2728499645010674,0.5222526439672952,0.375,known_brightness,0.0,0.0,"[3, 3, 8, 4, 4, 1, 8, 1, 4, 0, 6, 8, 5, 2, 6, 4, 3, 9, 9, 0, 7, 2, 8, 3, 0, 0, 2, 4, 2, 6, 0, 4, 9, 7, 1, 8, 6, 3, 5, 9, 0, 5, 6, 8, 8, 9, 4, 9, 1, 6, 3, 1, 0, 3, 5, 4, 8, 6, 8, 1, 8, 6, 0, 0]","[6, 6, 8, 7, 4, 1, 8, 1, 2, 2, 4, 8, 5, 2, 6, 5, 3, 9, 1, 0, 7, 2, 4, 4, 0, 0, 6, 2, 2, 4, 0, 5, 9, 7, 1, 8, 4, 5, 5, 9, 8, 5, 7, 8, 0, 9, 8, 9, 1, 6, 3, 8, 0, 3, 4, 4, 8, 4, 8, 9, 8, 6, 0, 0]","[0, 0, 1, 0, 1, 1, 1, 1, 0, 0, 0, 1, 1, 1, 1, 0, 1, 1, 0, 1, 1, 1, 0, 0, 1, 1, 0, 0, 1, 0, 1, 0, 1, 1, 1, 1, 0, 0, 1, 1, 0, 1, 0, 1, 0, 1, 0, 1, 1, 1, 1, 0, 1, 1, 0, 1, 1, 0, 1, 0, 1, 1, 1, 1]","[1.7641821298130136, 1.3884023335469236, 0.7975617849184039, 2.2199523634263225, 1.2824412504546687, 0.4676616970344054, 0.9556290584857549, 0.4620033213910284, 1.7655290880363315, 1.132748030462064, 1.5517716746065455, 1.900664372730133, 1.5692224718674923, 1.194939359334026, 0.23377190302443493, 1.2622571667057854, 1.6882747692866908, 0.9617908224765698, 0.972554379682798, 1.6742286847035541, 1.1051654048077013, 1.4641138139140235, 1.5316331238167775, 1.8125142101006084, 1.0231799681132068, 1.549020511031864, 1.6358424827468996, 1.5266917099088073, 1.6058128182027984, 1.8684779697214207, 1.5507269003397837, 1.4928245683897696, 0.4630529073518096, 1.0659343706891926, 0.8983631058544825, 0.7256458677550444, 2.074212047874626, 1.440209349070325, 1.6434054513657013, 0.9529286321252775, 1.3461956251805456, 1.1008246996910491, 1.6365757671288577, 0.8814933477642494, 1.406974629752885, 0.754436955315949, 1.9832244080021573, 0.713269233142432, 0.7691291185398741, 1.1827426116239441, 1.3122443020212833, 1.7233981317619858, 1.7639457293018648, 0.9463299750211891, 1.495815719752257, 1.138910734468438, 0.9888377635127595, 1.101841111879544, 0.61773498269783, 0.7176652746247791, 1.024581290398406, 0.4662764720390663, 1.8448992634507848, 1.8697087058291164]","[0.35682100755941265, 0.44352573871829487, 0.556221668811793, 0.18403417159869315, 0.516677501440429, 0.8614889228721867, 0.7027941397653918, 0.8617220932509646, 0.4017555399882512, 0.6292110132239064, 0.40061158521724144, 0.305112315831753, 0.4509513123664244, 0.5309727738555792, 0.9583331057091291, 0.5984536921586026, 0.3878849965702608, 0.5716296265250101, 0.5493543571125804, 0.4637928807429649, 0.47138919349651476, 0.525886661649358, 0.36597489186371196, 0.25087827962475645, 0.5827194049844487, 0.3611069820945557, 0.39903556300947, 0.43333450608269736, 0.4005275292430279, 0.3344863777055101, 0.45655231864244383, 0.40642837944981597, 0.8556152138444365, 0.6105715126227896, 0.7335562007129831, 0.7266821704173414, 0.22720060407536916, 0.34691049093780674, 0.32919978125621746, 0.6446897995307131, 0.6034069809368072, 0.5774549381557611, 0.32910397089911736, 0.700734169602009, 0.39823410093596245, 0.5586717135762479, 0.23562362990376248, 0.6653187847474284, 0.6204519087715242, 0.7076490833654152, 0.567520658157393, 0.43790201953791064, 0.3210520563271278, 0.5375809371009854, 0.452305033230927, 0.5568487012935269, 0.6601607873284552, 0.5860518855629508, 0.7832458014942444, 0.6537921339002345, 0.6042037261518055, 0.8980488293749447, 0.4043828794316523, 0.3703301795578609]","[0.5432164072990417, 0.19140946865081787, 15.533323287963867, 15.271821975708008, 32.0, 31.921875]",0.140625,0.09375,0.0625,0.109375,0.125,0.0625,0.125,0.03125,0.15625,0.09375,mild_variability,mild_variability,0,stream_d_mixed_long,4,1,1.2728499645010674,"[0.140625, 0.09375, 0.0625, 0.109375, 0.125, 0.0625, 0.125, 0.03125, 0.15625, 0.09375]","[0.5432164072990417, 0.19140946865081787, 15.533323287963867, 15.271821975708008, 32.0, 31.921875]",1.719420686069237,0.0,0.0,0.12738853503184713,0.06369426751592357,0.6877682744276947,0,1,0.0,1.0,0.0,0.643961377967332,0.643961377967332,True,0,0,stable_or_mild_region,hidden,0.5871043332870762,0.9948797482286093,0.9649762707210306,-0.058782974143381836,0
motion_blur_test_window_75,motion_blur,test,5,4800.0,4864.0,1.0,1.0,0.46875,1.3947066247405704,0.4632625796698576,0.53125,known_motion_blur,2.0698629717987727,0.10887738853503184,"[9, 4, 2, 2, 3, 3, 1, 8, 3, 0, 3, 0, 8, 8, 6, 9, 2, 8, 9, 5, 5, 2, 1, 2, 0, 3, 3, 8, 2, 3, 5, 6, 2, 6, 2, 9, 1, 7, 1, 4, 0, 1, 2, 1, 3, 3, 3, 6, 8, 3, 1, 9, 0, 0, 0, 1, 7, 6, 2, 2, 5, 8, 2, 1]","[9, 2, 0, 7, 3, 5, 1, 8, 3, 0, 5, 2, 8, 8, 3, 9, 6, 0, 3, 5, 3, 4, 1, 5, 0, 7, 3, 9, 4, 5, 3, 1, 4, 2, 4, 9, 9, 7, 1, 7, 0, 1, 2, 1, 5, 3, 8, 4, 1, 5, 1, 9, 9, 7, 0, 1, 7, 6, 2, 6, 5, 0, 3, 1]","[1, 0, 0, 0, 1, 0, 1, 1, 1, 1, 0, 0, 1, 1, 0, 1, 0, 0, 0, 1, 0, 0, 1, 0, 1, 0, 1, 0, 0, 0, 0, 0, 0, 0, 0, 1, 0, 1, 1, 0, 1, 1, 1, 1, 0, 1, 0, 0, 0, 0, 1, 1, 0, 0, 1, 1, 1, 1, 1, 0, 1, 0, 0, 1]","[0.9998936658531645, 1.7142956907684643, 1.840110963811563, 2.045143744735161, 0.9165461498324726, 1.583331213497046, 1.3781441071746365, 0.9130952597437082, 1.5993749555174035, 0.8601812122400323, 1.2298359438189572, 0.9398382914094239, 1.0987473292254606, 0.8071622070355673, 1.8772274829394096, 1.7788469665104423, 1.3045670153762796, 1.7639802458092455, 1.7325834195891754, 1.1213699843223799, 1.042615985244538, 1.6120595380244656, 2.0589886081223865, 1.897892116576659, 1.5365852756119833, 1.7567871160527981, 1.7144869410174308, 1.585113293248281, 1.4477426034578036, 1.397081789474643, 1.048218924884474, 2.124542681869248, 1.592124181853802, 1.7037832900602858, 1.7126461795801555, 1.4908135841998456, 1.315392873291665, 1.3119071376661406, 1.195975010201474, 1.1630649931127606, 1.8110197697089485, 0.8003119015992113, 1.5123996961334307, 0.7587860806836333, 1.0073620779991515, 1.5198933546915847, 1.7753906617318307, 1.8065741419162749, 1.244592939514015, 1.5611262643591863, 1.403601824628864, 1.210938675114794, 1.6204034595252519, 1.8170793764129038, 0.84922030879567, 0.8999160357225897, 1.3905841477762035, 0.5431179337477141, 1.0488685336421275, 1.4073993685589747, 1.2480183959585174, 1.2112597656494564, 1.760282240995661, 0.8409790557696668]","[0.5608280898902457, 0.4255356789724941, 0.26661679343277866, 0.2210518501195026, 0.5017457224203812, 0.4382655456087761, 0.39028846551520313, 0.7404328867433462, 0.4024756236586174, 0.6574715197871175, 0.4325372421384478, 0.6191991051867487, 0.5549238833575755, 0.5608833785376288, 0.2878216698646761, 0.29444048711379456, 0.5720274746677293, 0.3940056681959237, 0.4199872278438695, 0.46908312271145763, 0.4965727203490473, 0.48866104978557723, 0.24802284727796048, 0.28526399952411324, 0.5015053749596169, 0.294988142084707, 0.27007668482433256, 0.28990543934211466, 0.5152343445985634, 0.4482621930565796, 0.47183073994416785, 0.20143620814281066, 0.4687044677455355, 0.2671454762619729, 0.3614378524737707, 0.38140796183316733, 0.4230792732627099, 0.41415966055950737, 0.5784095290447366, 0.6011397762737408, 0.46527715325080066, 0.7678419113353592, 0.3932355114809977, 0.8133809910016753, 0.5339091221909334, 0.43856579771229204, 0.288336372735787, 0.2425538671248053, 0.43452906804880814, 0.5102032339639422, 0.39798328625198526, 0.5554374152055362, 0.39682274625475683, 0.3386421990767231, 0.6911480971105924, 0.6849394164889755, 0.5410156120089821, 0.8728212059817078, 0.7015356824734207, 0.45447064054775266, 0.4448554908487022, 0.5049229771257538, 0.339791319875473, 0.6197208036640806]","[0.4962098002433777, 0.19179978966712952, 15.296951293945312, 15.117044448852539, 32.0, 32.0]",0.109375,0.140625,0.1875,0.171875,0.03125,0.0625,0.078125,0.03125,0.109375,0.078125,mild_variability,mild_variability,1,stream_d_mixed_long,5,1,1.3947066247405704,"[0.109375, 0.140625, 0.1875, 0.171875, 0.03125, 0.0625, 0.078125, 0.03125, 0.109375, 0.078125]","[0.4962098002433777, 0.19179978966712952, 15.296951293945312, 15.117044448852539, 32.0, 32.0]",2.0698629717987727,0.47162802144728055,0.15720934048242685,0.10887738853503184,0.13304336450872933,0.8279451887195091,0,1,0.0,1.0,0.0,0.7177925751834507,0.7177925751834507,True,0,1,stable_or_mild_region,hidden,0.9614009548316356,0.976329021498332,0.9421343381621734,-0.05130240467383838,0
motion_blur_test_window_80,motion_blur,test,6,5120.0,5184.0,0.0,0.0,0.5,1.3810383539421665,0.47586810396190377,0.5,known_motion_blur,0.0,0.0,"[8, 6, 6, 2, 0, 3, 8, 1, 3, 2, 2, 2, 1, 2, 3, 1, 9, 1, 8, 6, 8, 6, 8, 9, 8, 4, 2, 3, 5, 6, 2, 3, 8, 9, 6, 5, 0, 2, 2, 2, 8, 3, 5, 3, 0, 2, 8, 2, 4, 2, 9, 4, 3, 0, 6, 6, 3, 2, 5, 3, 1, 1, 1, 2]","[9, 6, 6, 7, 0, 1, 0, 1, 3, 2, 5, 6, 1, 2, 5, 1, 9, 9, 8, 6, 8, 6, 8, 9, 0, 4, 0, 3, 3, 6, 4, 9, 9, 7, 2, 3, 5, 6, 4, 6, 0, 3, 7, 5, 0, 2, 9, 2, 7, 2, 9, 2, 4, 0, 6, 6, 3, 4, 5, 5, 9, 1, 1, 4]","[0, 1, 1, 0, 1, 0, 0, 1, 1, 1, 0, 0, 1, 1, 0, 1, 1, 0, 1, 1, 1, 1, 1, 1, 0, 1, 0, 1, 0, 1, 0, 0, 0, 0, 0, 0, 0, 0, 0, 0, 0, 1, 0, 0, 1, 1, 0, 1, 0, 1, 1, 0, 0, 1, 1, 1, 1, 0, 1, 0, 0, 1, 1, 0]","[1.609774934685062, 1.0621130949657018, 1.5006315009769882, 1.6359329963335223, 1.2360877521553224, 1.9893754280991514, 1.9987201435066677, 1.3048815852529545, 1.4132210131048517, 1.6519440990292145, 1.6558331307055139, 1.6308663434283706, 1.3115445233605407, 1.4141950025328103, 1.5314126119118272, 0.987848451517692, 1.2877178366338935, 1.0944643617247027, 0.5981319651382808, 1.5782855902283839, 0.9495091040923461, 1.5565378469345448, 0.593011073455233, 0.7313298665646727, 1.8769283106193406, 1.368592784499049, 1.686872916277937, 1.9161932899266896, 0.9469986462899068, 0.6212673564706797, 1.4938646986454682, 1.787761183568303, 1.8221506010720174, 1.7208083599197215, 1.3652012691532909, 1.1876468278419454, 1.5719206320587604, 1.6632810642390812, 1.5127733095685199, 1.3743256867423734, 0.9480686460296671, 1.0254857227386966, 1.556224173870695, 0.989109651066653, 0.9349045244021299, 1.5459023471394444, 1.5122041847079901, 1.4425608575162898, 1.6339906301091436, 1.6582044143276982, 1.1562888999962722, 1.6726938234070965, 1.5502377550820254, 1.0577242771321964, 1.2352593706999935, 1.287686976133911, 1.288885389933092, 1.5893560165574168, 1.1902654549647245, 1.0446658493341587, 1.4667202493920457, 1.1477725033576376, 1.5177908373236024, 1.6944949038447257]","[0.4245198956417748, 0.6835870264931763, 0.43345133325928814, 0.4156448243370389, 0.6213839393802172, 0.24742322313512413, 0.23858000946034766, 0.4026977942681264, 0.575143503031965, 0.3606049650633612, 0.4633991806901647, 0.3840045789241134, 0.5786148296798556, 0.5555124206614285, 0.34641442854378984, 0.6846694862689773, 0.4545235189302087, 0.5000299544306293, 0.7832248626665358, 0.3633010663188783, 0.6271122228422032, 0.4088782628527336, 0.8025756917502345, 0.7422247883344828, 0.30140713305985833, 0.44569270729500976, 0.31074034694859887, 0.31613152586007753, 0.5359664641664466, 0.8417279918115705, 0.37421619486872876, 0.4320600191212295, 0.3697244629241284, 0.38200490871359266, 0.5461166872362996, 0.5165559454759148, 0.4056491466613032, 0.319200742918237, 0.3759933488865737, 0.4360065925865131, 0.6268011176605544, 0.4768072454348743, 0.3200131858372486, 0.5100445538405484, 0.6548303348741056, 0.3093441153730568, 0.569615997694773, 0.4725048119542878, 0.32004161748755977, 0.4168367170681679, 0.49082327165643497, 0.3391643167725965, 0.4078767435154085, 0.6669606596074918, 0.5912224899251086, 0.64872597412558, 0.5271002305904069, 0.35817843561409185, 0.5597500627786579, 0.45763164091199626, 0.4824508645215014, 0.5320469211625249, 0.46954341785865095, 0.24052790179747666]","[0.4761161506175995, 0.1893600970506668, 15.348762512207031, 15.001250267028809, 32.0, 32.0]",0.0625,0.109375,0.234375,0.15625,0.046875,0.0625,0.125,0.0,0.140625,0.0625,mild_variability,mild_variability,2,stream_d_mixed_long,6,1,1.3810383539421665,"[0.0625, 0.109375, 0.234375, 0.15625, 0.046875, 0.0625, 0.125, 0.0, 0.140625, 0.0625]","[0.4761161506175995, 0.1893600970506668, 15.348762512207031, 15.001250267028809, 32.0, 32.0]",1.7037784620477818,0.2105995952535575,0.07019986508451917,0.13236464968152867,0.10128225738302392,0.6815113848191128,0,1,0.0,1.0,0.0,0.6124863733324024,0.6124863733324024,True,0,0,stable_or_mild_region,hidden,0.9542871630175157,0.9927020702700685,0.9352587079661103,-0.016064573961228422,0
brightness_test_window_125,brightness,test,7,8000.0,8064.0,1.0,1.0,0.625,1.244630091702473,0.5382965308694978,0.375,known_brightness,2.49741563748146,0.13724124203821655,"[9, 1, 6, 6, 3, 9, 9, 6, 0, 6, 2, 8, 6, 8, 2, 8, 6, 0, 8, 6, 3, 1, 5, 3, 0, 6, 8, 4, 1, 4, 2, 0, 1, 3, 9, 9, 3, 1, 6, 1, 2, 3, 7, 2, 9, 3, 1, 8, 0, 1, 5, 9, 7, 1, 9, 2, 1, 9, 0, 3, 6, 0, 6, 8]","[9, 1, 6, 4, 7, 1, 9, 0, 0, 5, 2, 8, 3, 8, 2, 8, 4, 0, 8, 3, 6, 1, 2, 3, 0, 5, 0, 4, 1, 7, 2, 0, 1, 3, 9, 1, 6, 1, 6, 1, 2, 8, 7, 0, 9, 5, 8, 0, 0, 1, 7, 9, 7, 1, 9, 2, 1, 9, 4, 3, 6, 0, 2, 0]","[1, 1, 1, 0, 0, 0, 1, 0, 1, 0, 1, 1, 0, 1, 1, 1, 0, 1, 1, 0, 0, 1, 0, 1, 1, 0, 0, 1, 1, 0, 1, 1, 1, 1, 1, 0, 0, 1, 1, 1, 1, 0, 1, 0, 1, 0, 0, 0, 1, 1, 0, 1, 1, 1, 1, 1, 1, 1, 0, 1, 1, 1, 0, 0]","[0.8567683657449001, 1.3181983083767101, 0.6869720162184232, 1.58664290385219, 1.8571342638794457, 1.2825867394559853, 1.688730227876118, 1.5979594344087857, 1.1836750690386377, 1.521045167936255, 1.487769071407779, 1.3217852403611148, 1.3112220479704129, 0.6118969491704183, 1.0462693618932701, 0.7312590621658089, 1.5531096352939515, 0.45851599201788795, 0.9473684713402633, 1.3615552100848638, 1.5047638841229818, 0.6349604659593734, 1.8494760636022942, 1.555755528518003, 1.541079929483004, 1.5676882798269227, 1.1680119985682158, 1.7522697921647228, 0.7143454866934924, 1.776731311982373, 1.821953552439268, 0.8150029256892627, 0.38190861923669683, 1.1913941443930463, 0.949633133896191, 1.2440356601096485, 1.5852650602453058, 1.3092782872040698, 1.232273183082929, 0.7998209765738087, 1.8980943785914333, 2.035720628370179, 0.6618462940682771, 1.7861412448996918, 1.5041286459418506, 1.3726860043327875, 1.8664079334876926, 0.8126176796694335, 1.3742106824289089, 1.0635356867742571, 1.7197253460002098, 1.7643136501778702, 0.7654086181929508, 0.6898190708918096, 0.4946570993297806, 1.5094226009883716, 0.8577629027252314, 0.7337267244792025, 1.7129606210897466, 1.0994500596790209, 0.40289678475274565, 1.2114695827067519, 1.2280347258209512, 1.285177081274285]","[0.6018048142083473, 0.6020361949859374, 0.8317977717318701, 0.3815449984822924, 0.31995669486006445, 0.49107787578887147, 0.41094172362157466, 0.5005615130255312, 0.5008621717286845, 0.4660308412728213, 0.4820349773287731, 0.4664881858845609, 0.4856045547594245, 0.7439036100087698, 0.6987154265779035, 0.7446144176539276, 0.4066759847058838, 0.8982095631915423, 0.7270628848914145, 0.573854507075689, 0.43255398536903344, 0.7655340787759303, 0.275926688848456, 0.4063235365128471, 0.4780048441016223, 0.3858815544891791, 0.5463431007062125, 0.3434641961305637, 0.6881807784751431, 0.3313885585716699, 0.29936667692991953, 0.7383486881635607, 0.9076083269088351, 0.5090223378939507, 0.5350135731478621, 0.5430060473529418, 0.35518933809311254, 0.3734260682188097, 0.4867998924012581, 0.6940256940876837, 0.40232032245861243, 0.2065177947006587, 0.8140544539964235, 0.30444992789493047, 0.47777485223571164, 0.5888641248090595, 0.3170285453951476, 0.6817361075858436, 0.5392426155524099, 0.5731809691995119, 0.25767127055208805, 0.4279246979062718, 0.8076675153080266, 0.7293478254783036, 0.8428603169899062, 0.43989172555803113, 0.6009298760847263, 0.6487282138466052, 0.34327762921905053, 0.5784745189289765, 0.9152267814737681, 0.5643251643226356, 0.47046370218406, 0.48983234700462586]","[0.5417457222938538, 0.20511388778686523, 15.297242164611816, 15.137529373168945, 32.0, 31.9375]",0.109375,0.15625,0.09375,0.125,0.03125,0.03125,0.171875,0.03125,0.109375,0.140625,mild_variability,mild_variability,3,stream_d_mixed_long,7,1,1.244630091702473,"[0.109375, 0.15625, 0.09375, 0.125, 0.03125, 0.03125, 0.171875, 0.03125, 0.109375, 0.140625]","[0.5417457222938538, 0.20511388778686523, 15.297242164611816, 15.137529373168945, 32.0, 31.9375]",2.49741563748146,0.0,0.0,0.13724124203821655,0.06862062101910828,0.998966254992584,0,1,0.0,1.0,0.0,0.93041657019786,0.93041657019786,True,0,0,stable_or_mild_region,hidden,0.3558010879492388,0.9978682436866271,0.9332649643107666,0.01478344242030372,0
gaussian_blur_test_window_308,gaussian_blur,test,8,19712.0,19776.0,2.0,1.0,0.40625,1.445679723956936,0.4356451673637751,0.59375,known_motion_blur,4.726193774835768,0.20372213375796175,"[5, 8, 1, 3, 3, 8, 9, 8, 6, 2, 3, 5, 0, 8, 8, 2, 3, 2, 3, 3, 3, 7, 4, 8, 8, 3, 2, 1, 2, 3, 8, 1, 9, 3, 3, 0, 3, 8, 2, 2, 2, 3, 1, 3, 3, 3, 3, 3, 3, 3, 2, 1, 2, 6, 0, 2, 7, 8, 2, 4, 2, 8, 3, 9]","[5, 8, 1, 4, 7, 9, 9, 8, 8, 6, 3, 7, 0, 8, 9, 6, 2, 4, 6, 2, 9, 7, 4, 6, 8, 5, 6, 1, 3, 5, 9, 9, 1, 3, 2, 0, 3, 0, 2, 0, 7, 3, 9, 3, 5, 7, 6, 5, 9, 5, 6, 1, 2, 4, 0, 2, 7, 8, 4, 4, 0, 9, 5, 9]","[1, 1, 1, 0, 0, 0, 1, 1, 0, 0, 1, 0, 1, 1, 0, 0, 0, 0, 0, 0, 0, 1, 1, 0, 1, 0, 0, 1, 0, 0, 0, 0, 0, 1, 0, 1, 1, 0, 1, 0, 0, 1, 0, 1, 0, 0, 0, 0, 0, 0, 0, 1, 1, 0, 1, 1, 1, 1, 0, 1, 0, 0, 0, 1]","[1.002768931876768, 0.7276570187872032, 1.4173380764430172, 1.5829875774207531, 1.6702028214319276, 0.9280037622294146, 0.9222921223700716, 0.5315843954469742, 1.4822278045923596, 1.7988272245458512, 1.3428758124266122, 1.6682959408110518, 0.7717601455411696, 2.0658790543044123, 1.5371038323778587, 1.6672854673045794, 1.700742708030359, 1.610279478264855, 1.382465590974596, 1.6382582649084478, 2.0733082492021717, 1.9094554079068349, 1.6370200885108501, 1.347274860185068, 0.837025274768037, 1.1959032912126424, 1.611995690931225, 1.0825788188474261, 1.5501071069129109, 1.0970143584893357, 1.9356531384934321, 1.0923840753333645, 1.3557756823533333, 1.4698036971992936, 1.9311539377309148, 1.3149634988152057, 1.2403479002216333, 0.9173992428611946, 1.6662538883836595, 1.9741006648177357, 1.8737910431722387, 1.3118344659496417, 0.7727921786853446, 1.424473060311921, 1.87959778802049, 1.440361789743877, 1.634855017631839, 1.7522678162482535, 2.017707935723396, 1.5692671797665505, 1.698960790582027, 0.6742516063385386, 1.5651423472536417, 1.7759038521957924, 1.5143314405573578, 1.1968003225265111, 1.0002102428983994, 0.9930713957142228, 1.7074760996306082, 1.4515980841627256, 1.8904128029009863, 1.8102367943517388, 1.6572841370129938, 1.2225192386002408]","[0.5225357101403038, 0.7665838876079032, 0.38653996092110965, 0.41851488686911215, 0.29259110790263315, 0.7462664911261087, 0.604254675006789, 0.7982969758202649, 0.5555426216359135, 0.2328480544824828, 0.5304792251558001, 0.3440231630387107, 0.7627317826837845, 0.2062864581107698, 0.3740082168130471, 0.3636465558710361, 0.2825711748129167, 0.34321294156017235, 0.5154360422329257, 0.32281870545300156, 0.23536117654783884, 0.29016616509968723, 0.3597481077901024, 0.5801503849825825, 0.6390995839851488, 0.4778732961891206, 0.3905587954072998, 0.6867723010416353, 0.41736232148463975, 0.4882154494928232, 0.29692233277309865, 0.49805965634808724, 0.44518967736687354, 0.46284396616345097, 0.31940827600639526, 0.5092197861306218, 0.4599079368886149, 0.5716800354738518, 0.33018090853470194, 0.24110305187998696, 0.26121873302398774, 0.45386120057283724, 0.5519001299223751, 0.4207877896837488, 0.2636825367475274, 0.3903086257991286, 0.3529822811134628, 0.38356313454230395, 0.31140471577016754, 0.34152192454632907, 0.3341196862150855, 0.8030176532654936, 0.34417555745699413, 0.2853877804561177, 0.3964810404671004, 0.44112544546095306, 0.6537767100761692, 0.5544917542236723, 0.274505018223253, 0.40540848233685123, 0.24816905323671698, 0.34661820246892, 0.3415448193025935, 0.6522265895384733]","[0.44738268852233887, 0.18363787233829498, 15.498056411743164, 15.154275894165039, 31.953125, 31.609375]",0.046875,0.078125,0.203125,0.328125,0.03125,0.03125,0.03125,0.03125,0.171875,0.046875,visible_failure,visible_failure,0,stream_d_mixed_long,8,2,1.445679723956936,"[0.046875, 0.078125, 0.203125, 0.328125, 0.03125, 0.03125, 0.03125, 0.03125, 0.171875, 0.046875]","[0.44738268852233887, 0.18363787233829498, 15.498056411743164, 15.154275894165039, 31.953125, 31.609375]",4.726193774835768,1.445081654529973,0.4816938848433243,0.20372213375796175,0.34270800930064305,1.0,0,1,0.0,1.0,0.0,0.657291990699357,0.657291990699357,True,1,1,scenario_region,hidden,1.0,1.002564979919211,0.9356587702035267,0.0051299598384217954,0
contrast_test_window_306,contrast,test,9,19584.0,19648.0,2.0,1.0,0.265625,1.4909652151468227,0.43846819245288937,0.734375,known_motion_blur,12.850938051896893,0.40644904458598724,"[2, 4, 2, 3, 0, 2, 2, 8, 9, 2, 2, 2, 3, 4, 9, 4, 8, 3, 0, 2, 4, 2, 4, 4, 0, 4, 2, 8, 2, 2, 6, 4, 2, 0, 1, 8, 2, 2, 4, 9, 2, 0, 8, 2, 8, 2, 3, 2, 2, 2, 4, 6, 2, 4, 2, 2, 2, 2, 0, 8, 8, 8, 4, 2]","[3, 4, 5, 7, 1, 5, 0, 1, 1, 1, 9, 7, 5, 4, 9, 7, 8, 1, 0, 2, 8, 5, 6, 7, 0, 1, 4, 8, 4, 4, 6, 6, 5, 8, 1, 8, 4, 6, 5, 9, 2, 2, 1, 4, 9, 1, 6, 7, 2, 0, 1, 7, 6, 5, 2, 2, 5, 6, 0, 9, 0, 1, 5, 3]","[0, 1, 0, 0, 0, 0, 0, 0, 0, 0, 0, 0, 0, 1, 1, 0, 1, 0, 1, 1, 0, 0, 0, 0, 1, 0, 0, 1, 0, 0, 1, 0, 0, 0, 1, 1, 0, 0, 0, 1, 1, 0, 0, 0, 0, 0, 0, 0, 1, 0, 0, 0, 0, 0, 1, 1, 0, 0, 1, 0, 0, 0, 0, 0]","[1.778110397380152, 1.4675219177235805, 1.7566733396477734, 1.8096466255630312, 1.3112916275721924, 1.651116924710581, 1.588912928823515, 1.0532775836864752, 1.4361937065609351, 1.8020652821993315, 1.9093660181589103, 1.692541891315443, 1.4297345428402064, 1.7306365901487857, 1.2849562072131175, 1.765805085458284, 0.8706424233446424, 1.5005852087017544, 1.1679303484670636, 1.5095162928600652, 1.9428177477012565, 1.4167733932877726, 1.7720242669000847, 1.047639488754153, 0.991878479663195, 1.537998824713837, 1.7687323916786462, 0.9027466927307495, 1.8036667821115162, 1.0116784028520784, 1.3529770085908217, 1.3848734011628188, 1.4338269900046348, 1.315284740668559, 2.1380487284354395, 1.001997288583538, 1.7935162989750284, 1.5309696556174026, 1.2763747699218881, 2.0558513174278095, 1.1363910037513894, 1.133306209146872, 2.013082703674457, 0.8508884246686019, 1.7725679620120693, 1.8770256989032603, 1.599759827509557, 1.75483401003938, 1.0675053020479721, 1.7872530376142888, 2.1358974789822853, 1.7027599300061926, 1.4646523250226322, 1.4225213547870637, 1.079331264347848, 1.202893237483268, 1.3046869483754897, 1.6809464410557298, 1.4298019168858676, 1.0947068461907226, 1.5402833484505034, 1.3180253768490477, 1.717690945655937, 1.3387605637791564]","[0.305407588183034, 0.4390877828919533, 0.30248328548455256, 0.2839091709693002, 0.45469132299045806, 0.4096866018934903, 0.4033158287114403, 0.614427851375235, 0.36491008252874474, 0.2956395017441478, 0.23515702165326235, 0.25351947443944617, 0.4395499391194984, 0.3584389380519733, 0.5573858865293743, 0.2581421827758262, 0.521812654155577, 0.36531950476457675, 0.609695214866278, 0.4816438276624818, 0.22994571479340423, 0.5018826167131658, 0.31792961687249566, 0.5830176936765759, 0.6802794556161111, 0.4713321082123513, 0.39314656321401886, 0.515247462482467, 0.34657890310372386, 0.5334639533229667, 0.5538522900421438, 0.36507049748381337, 0.48542645209335633, 0.39201684546740356, 0.20863374269500512, 0.6409177445706215, 0.3469302437223081, 0.4045819502659994, 0.5269810755419022, 0.23821015096157203, 0.6917598792678621, 0.6030500211246532, 0.32520102613532526, 0.7844938799962059, 0.36288448472939894, 0.3171066852799112, 0.38208350383749806, 0.355179290882496, 0.6321917615902131, 0.2762271082385279, 0.23961587812071164, 0.24715679053673031, 0.4343800274928591, 0.4211393081367537, 0.7054379458000597, 0.6758424250157958, 0.5055826578768386, 0.4410538093669539, 0.4607972913577947, 0.6615370081605487, 0.39629437406652585, 0.4757434635953897, 0.3880109702530377, 0.5895259844807733]","[0.4802597165107727, 0.0982489362359047, 15.57837963104248, 15.17898178100586, 32.0, 31.953125]",0.09375,0.015625,0.421875,0.0625,0.1875,0.0,0.03125,0.0,0.140625,0.046875,visible_failure,visible_failure,1,stream_d_mixed_long,9,2,1.4909652151468227,"[0.09375, 0.015625, 0.421875, 0.0625, 0.1875, 0.0, 0.03125, 0.0, 0.140625, 0.046875]","[0.4802597165107727, 0.0982489362359047, 15.57837963104248, 15.17898178100586, 32.0, 31.953125]",12.850938051896893,2.30991676564631,0.7699722552154368,0.40644904458598724,0.588210649900712,1.0,1,1,0.3333333333333333,1.0,0.19607021663357066,0.41178935009928797,0.41178935009928797,True,1,1,scenario_region,hidden,1.0,1.0176891786280187,0.9522098053245291,0.03537835725603738,0
contrast_test_window_195,contrast,test,10,12480.0,12544.0,2.0,1.0,0.34375,1.5060366905303337,0.430457963169361,0.65625,known_motion_blur,12.560227984761434,0.3455414012738854,"[8, 2, 4, 2, 1, 6, 2, 3, 6, 2, 0, 0, 0, 2, 2, 4, 9, 0, 3, 2, 2, 2, 2, 8, 8, 4, 2, 0, 6, 6, 4, 0, 2, 2, 8, 2, 2, 2, 4, 3, 8, 2, 8, 2, 2, 2, 4, 8, 8, 3, 2, 2, 8, 2, 8, 2, 3, 8, 2, 8, 4, 1, 8, 3]","[8, 7, 9, 2, 1, 6, 7, 5, 6, 3, 0, 9, 8, 9, 5, 9, 9, 9, 3, 6, 4, 4, 8, 8, 1, 7, 3, 0, 6, 2, 4, 8, 2, 2, 9, 2, 2, 9, 7, 4, 1, 9, 1, 4, 3, 5, 3, 8, 9, 3, 6, 2, 0, 8, 9, 0, 5, 1, 5, 8, 2, 1, 2, 3]","[1, 0, 0, 1, 1, 1, 0, 0, 1, 0, 1, 0, 0, 0, 0, 0, 1, 0, 1, 0, 0, 0, 0, 1, 0, 0, 0, 1, 1, 0, 1, 0, 1, 1, 0, 1, 1, 0, 0, 0, 0, 0, 0, 0, 0, 0, 0, 1, 0, 1, 0, 1, 0, 0, 0, 0, 0, 0, 0, 1, 0, 1, 0, 1]","[1.1319121420923353, 1.196841427909841, 1.9971067822577637, 1.5316878172121393, 1.979098696760968, 0.554084656235167, 1.000909061202994, 1.36004009090089, 1.4617482784029676, 1.563033232802006, 1.3156730459167427, 1.4771836194886787, 1.2043453825019896, 2.1264983991665187, 1.9015427926681148, 1.9987987322765925, 2.0146956959826507, 0.8344151265338875, 1.6683849545747569, 1.3718534929356558, 1.1348320615645389, 1.171588553850505, 1.6375723628973633, 1.4461914446378528, 1.8604665925013064, 1.544523756606524, 1.7798403756734071, 1.2158960852285077, 1.3168441301308613, 1.8913045571720848, 1.6529904753540308, 1.8237435443142356, 1.1765570637986373, 0.8799167395608023, 1.6986528602912707, 1.6778537722248805, 1.5159541331760347, 1.7754668376053317, 1.070993450425464, 1.7247690310080008, 1.3422080506185081, 1.6874383792765504, 0.9914001334860246, 1.7460470153167749, 1.6351786328363869, 1.7353886116098738, 1.2042449189188038, 1.2944121706564686, 1.8715741074090055, 1.7034050339455735, 1.6415391838573734, 1.6183880875816221, 1.2592707073928482, 1.8291907683159117, 1.3979861651577106, 1.3971171468679358, 1.496851581829988, 1.665106185200968, 1.2797358187115415, 1.9184930825048119, 1.5617585771471594, 1.2336704745914315, 1.4018640091646395, 1.7882680956991364]","[0.5517081580059295, 0.6058573924804933, 0.2585340904385004, 0.3774428917378678, 0.25471332414484277, 0.8590056625837914, 0.5546098236128503, 0.38060179792094817, 0.3694333390867279, 0.4947921512788197, 0.4348831544680427, 0.3317089237419358, 0.5178238911274333, 0.2209554797906672, 0.2993977803993318, 0.27118231427849165, 0.24691543520074405, 0.4977281085375008, 0.34976296455712014, 0.5462545326078191, 0.47457036339522524, 0.5197654343613035, 0.3393709379539236, 0.44689590554822695, 0.25957390379638123, 0.3992385420723454, 0.3230020448518073, 0.5253428856512827, 0.5138341313189444, 0.2877646688375637, 0.3478142428393216, 0.2935984230190533, 0.6598827196397462, 0.7847614750396686, 0.42229269101087263, 0.35657738657902616, 0.515703603871067, 0.3772987110335895, 0.6259961126927172, 0.2891249665629556, 0.5789986955646226, 0.42088717951956095, 0.6965640660151402, 0.29084803219355204, 0.47763698596305737, 0.34944342399663914, 0.467776201341174, 0.4655952653433844, 0.3079352537524533, 0.3261167630566773, 0.4496947920288059, 0.3376822676214727, 0.5726804729562783, 0.31543656301144213, 0.39831212327398285, 0.4826569294921386, 0.3603743865260399, 0.34258624722666237, 0.6329379346142866, 0.3589479390935075, 0.34085879442899136, 0.6126555735834317, 0.4539335010078135, 0.323029885153108]","[0.48304712772369385, 0.10036192089319229, 15.489276885986328, 15.272542953491211, 32.0, 32.0]",0.09375,0.03125,0.390625,0.09375,0.109375,0.0,0.0625,0.0,0.203125,0.015625,visible_failure,visible_failure,2,stream_d_mixed_long,10,2,1.5060366905303337,"[0.09375, 0.03125, 0.390625, 0.09375, 0.109375, 0.0, 0.0625, 0.0, 0.203125, 0.015625]","[0.48304712772369385, 0.10036192089319229, 15.489276885986328, 15.272542953491211, 32.0, 32.0]",12.560227984761434,2.597742750205726,0.8659142500685754,0.3455414012738854,0.6057278256712304,1.0,1,1,0.6666666666666666,1.0,0.40381855044748693,0.3942721743287696,0.40381855044748693,True,1,1,scenario_region,visible,1.0,1.0314608218537094,0.9821671083771994,0.06292164370741885,0
fog_test_window_241,fog,test,11,15424.0,15488.0,2.0,1.0,0.40625,1.4961584604198181,0.42680829329537506,0.59375,known_motion_blur,6.525556299105813,0.24890525477707007,"[3, 2, 3, 2, 2, 6, 4, 1, 9, 2, 2, 4, 6, 8, 4, 1, 9, 3, 2, 2, 9, 4, 3, 5, 9, 8, 3, 6, 0, 0, 0, 9, 8, 8, 4, 2, 3, 3, 2, 3, 4, 4, 2, 3, 5, 2, 1, 6, 1, 3, 3, 3, 2, 2, 3, 2, 1, 2, 4, 9, 9, 8, 2, 6]","[3, 6, 5, 8, 4, 6, 7, 1, 9, 3, 6, 7, 6, 0, 7, 1, 9, 5, 2, 6, 7, 7, 6, 5, 9, 1, 5, 6, 0, 2, 0, 9, 1, 8, 3, 5, 0, 0, 0, 5, 7, 7, 8, 5, 5, 5, 1, 6, 1, 5, 1, 0, 6, 2, 3, 2, 1, 7, 5, 1, 9, 8, 3, 6]","[1, 0, 0, 0, 0, 1, 0, 1, 1, 0, 0, 0, 1, 0, 0, 1, 1, 0, 1, 0, 0, 0, 0, 1, 1, 0, 0, 1, 1, 0, 1, 1, 0, 1, 0, 0, 0, 0, 0, 0, 0, 0, 0, 0, 1, 0, 1, 1, 1, 0, 0, 0, 0, 1, 1, 1, 1, 0, 0, 0, 1, 1, 0, 1]","[1.6232421172922948, 1.6437595076536808, 1.526649073558254, 1.9094485398352123, 1.7641962082745481, 1.1947761805760404, 1.5965692831912515, 0.784162626703381, 1.7331761662093648, 1.6458125552871439, 1.6396723718308965, 1.588010829066179, 1.733266174447035, 1.8283128935123611, 1.1673737402711237, 0.7809588827770898, 1.6733661892434675, 1.5402668251344722, 2.055994423688331, 1.3801076276592477, 1.6718991234251304, 1.2849481466628092, 1.5338949338238608, 1.1400594551397298, 1.2385474596606192, 1.3630932654125183, 1.3521735864862177, 0.5071878585407495, 1.4623661422973155, 1.7054119995599766, 0.7607596631407286, 1.8173552061583544, 1.5183675408659851, 0.7934862334285462, 1.5915690469180406, 1.5746080552896942, 1.3045272515481365, 1.6360828563106937, 1.652052959762774, 1.8423568305425055, 1.645300367592281, 1.6804287531147033, 1.7149074708203318, 1.6782207120678834, 1.6966368005321157, 1.7364595742472522, 1.70984261743851, 1.1538575865084932, 1.2960546562486317, 1.2504132449784622, 2.1071503910700553, 2.1264881683911554, 1.4396702754137873, 1.783960432974099, 1.4588591320469464, 1.5956409730971, 0.9696519462094242, 1.7654363971690796, 1.3360200265008855, 0.806413463456153, 1.9289583798968568, 0.9665081664634414, 1.7518658461682008, 1.5955262532767616]","[0.3036939340416526, 0.4442736105655651, 0.35785739366915575, 0.2826061755276729, 0.28116604230951064, 0.41847599309122835, 0.3790690004159543, 0.5099652684404614, 0.4846747041955948, 0.3504821339825014, 0.46660073540777125, 0.4173564617858398, 0.2449910037903293, 0.3185811565496469, 0.6501907772596747, 0.7077207355430465, 0.3972406994461741, 0.38172568283103936, 0.3109586087300911, 0.4995123382492195, 0.4222999239627621, 0.481918515466496, 0.40823018572022374, 0.465071188536931, 0.6414996072531374, 0.43109411266255476, 0.46393918080715035, 0.8856841090032397, 0.5033942499920875, 0.328549139144349, 0.7629659691290607, 0.3177581345978619, 0.49289226990711404, 0.7542898263521497, 0.39546696682602867, 0.42002617917738494, 0.4243653583732666, 0.36427350910024264, 0.32803748220959744, 0.26951172922902, 0.41133569311208595, 0.4160028813026313, 0.32464969453554016, 0.3446991306580975, 0.32250238614982696, 0.27816263521734264, 0.3128446625726558, 0.6120263103309882, 0.3756931094170463, 0.43609747167520646, 0.23783614842011377, 0.1998651958899116, 0.3532532983630168, 0.30979101530629594, 0.4268539842788738, 0.4695757319570079, 0.6213156291581847, 0.27387024068733756, 0.5531131304099972, 0.6716839251301696, 0.29890791421309887, 0.5655002002632825, 0.3670744282170937, 0.36466586035541076]","[0.46293944120407104, 0.14384905993938446, 15.572958946228027, 15.122886657714844, 32.0, 32.0]",0.046875,0.078125,0.25,0.203125,0.125,0.03125,0.078125,0.0,0.078125,0.109375,visible_failure,visible_failure,3,stream_d_mixed_long,11,2,1.4961584604198181,"[0.046875, 0.078125, 0.25, 0.203125, 0.125, 0.03125, 0.078125, 0.0, 0.078125, 0.109375]","[0.46293944120407104, 0.14384905993938446, 15.572958946228027, 15.122886657714844, 32.0, 32.0]",6.525556299105813,2.4090942446735983,0.8030314148911994,0.24890525477707007,0.5259683348341347,1.0,1,1,1.0,1.0,0.5259683348341347,0.47403166516586526,0.5259683348341347,True,1,1,scenario_region,visible,1.0,1.0441769331792754,1.0255562390948612,0.08835386635855066,0
gaussian_noise_test_window_267,gaussian_noise,test,12,17088.0,17152.0,2.0,1.0,0.265625,1.175155037241551,0.5752524072756187,0.734375,clean_cifar10,2.3995589949019624,0.4115901898734177,"[8, 1, 9, 6, 6, 6, 6, 6, 8, 9, 1, 6, 9, 6, 2, 8, 9, 9, 1, 6, 9, 9, 6, 3, 8, 1, 1, 8, 0, 1, 5, 9, 9, 9, 9, 6, 6, 9, 8, 1, 6, 9, 6, 6, 6, 9, 6, 9, 1, 6, 9, 8, 9, 6, 8, 6, 8, 3, 9, 3, 8, 6, 8, 9]","[8, 7, 2, 6, 2, 2, 4, 4, 0, 7, 1, 3, 9, 6, 0, 0, 2, 3, 8, 2, 2, 4, 3, 5, 2, 9, 1, 0, 0, 6, 5, 5, 7, 9, 9, 6, 5, 5, 0, 5, 7, 1, 6, 6, 4, 1, 4, 4, 1, 5, 0, 0, 4, 5, 8, 4, 8, 3, 0, 5, 0, 5, 3, 1]","[1, 0, 0, 1, 0, 0, 0, 0, 0, 0, 1, 0, 1, 1, 0, 0, 0, 0, 0, 0, 0, 0, 0, 0, 0, 0, 1, 0, 1, 0, 1, 0, 0, 1, 1, 1, 0, 0, 0, 0, 0, 0, 1, 1, 0, 0, 0, 0, 1, 0, 0, 0, 0, 0, 1, 0, 1, 1, 0, 0, 0, 0, 0, 0]","[0.9110714925858218, 1.7275521372699583, 1.564490213581644, 0.7430043891279364, 0.451632540841965, 1.2939298952477991, 0.6599003337510028, 1.8012183578691914, 1.5556508887781249, 1.5612598000168738, 0.660446184107931, 1.0593313096345063, 0.7038860069092199, 0.3711873630938563, 1.8196950543327133, 1.686025803922308, 1.0437926440371357, 1.158906154233724, 1.114737267664072, 1.015494163212942, 1.5514463376554684, 0.9414702909984642, 1.4667845486791076, 2.038203598826266, 1.0510676202600824, 0.7903203711066464, 0.6671881240020865, 1.0373021934476103, 1.8859294087293232, 1.0038276342941144, 1.2823071916631752, 0.6508917963424221, 1.750538380845586, 0.7049015296737857, 0.6790186840523248, 0.24223995902313736, 1.927039537329791, 1.1864153019491956, 1.5423260447076321, 1.4010806554965485, 1.492265287048816, 0.9997091597657815, 0.8947372131075081, 1.3100662719516645, 1.6496124423598704, 1.8467737525349623, 0.8723438882099593, 1.2476838253856788, 0.4220409750102858, 1.6356485837516812, 0.7912870492056588, 0.91817032402135, 1.1659937464778949, 1.0977764653446151, 0.6028963184795264, 0.6451769590209613, 1.2897220973957133, 1.6568677473675466, 0.5293751492577695, 1.9982824068458036, 1.4680637515671102, 1.5748816386591808, 1.5142181126234626, 0.8828180087649732]","[0.750481962300028, 0.32469931283456505, 0.45967434129046225, 0.8215873809996217, 0.9027297299450231, 0.5373349483156812, 0.8343454913227418, 0.3214236226737017, 0.3840888663113008, 0.47541755016605475, 0.726573645251627, 0.6254588205897019, 0.7886195478870587, 0.9273226158143876, 0.3133689953725237, 0.36879132659072805, 0.4942801206899616, 0.5886307462922061, 0.6068542138873366, 0.6935565397404979, 0.42027731577392335, 0.5590654210812681, 0.5630535490302299, 0.2545081439435321, 0.6932902563935605, 0.524667124803233, 0.7437551150147589, 0.6411415344014874, 0.3297560261434579, 0.6197737276144856, 0.4722661128923128, 0.8269726340085896, 0.4764791916786563, 0.6280158144953754, 0.6364228144067119, 0.9559964220485537, 0.3420787002549139, 0.6499263650065166, 0.34614506832881886, 0.4335779204498194, 0.46362502610995104, 0.4666968774870881, 0.784930545503621, 0.6205610540172205, 0.5095595869237847, 0.2932004690682693, 0.786379281767733, 0.6282110006407687, 0.8801320033041996, 0.3998285865835376, 0.7764650240453635, 0.6977872258520438, 0.4984140413103761, 0.7000422248665505, 0.8519370301260726, 0.8495283928648109, 0.3896542650466974, 0.3737425959598928, 0.8446893779856419, 0.2535335747207009, 0.3619713549413212, 0.3549085921558474, 0.3882820205176736, 0.5796648777950104]","[0.46160101890563965, 0.20336979627609253, 15.367022514343262, 15.427151679992676, 32.0, 32.0]",0.015625,0.125,0.015625,0.046875,0.0,0.015625,0.3125,0.0,0.171875,0.296875,hidden_failure,hidden_failure,0,stream_d_mixed_long,12,3,1.175155037241551,"[0.015625, 0.125, 0.015625, 0.046875, 0.0, 0.015625, 0.3125, 0.0, 0.171875, 0.296875]","[0.46160101890563965, 0.20336979627609253, 15.367022514343262, 15.427151679992676, 32.0, 32.0]",2.3995589949019624,0.0,0.0,0.4115901898734177,0.20579509493670886,0.959823597960785,0,1,0.6666666666666666,1.0,0.13168465897655549,0.7622966094959517,0.7622966094959517,True,1,1,scenario_region,hidden,0.06034239336099108,0.9507232109750087,0.9750201206677201,0.11207991919369009,0
gaussian_noise_test_window_169,gaussian_noise,test,13,10816.0,10880.0,2.0,1.0,0.203125,1.2907127198600707,0.5392812853154907,0.796875,known_motion_blur,2.299135136377563,0.5601114649681529,"[9, 9, 1, 1, 6, 4, 9, 8, 4, 9, 9, 6, 2, 8, 1, 9, 6, 9, 6, 9, 9, 6, 9, 6, 7, 9, 7, 6, 1, 9, 6, 9, 9, 6, 9, 9, 9, 1, 8, 9, 9, 6, 9, 9, 6, 6, 6, 8, 8, 9, 1, 6, 9, 9, 6, 1, 6, 0, 9, 8, 6, 3, 6, 9]","[9, 5, 8, 3, 6, 2, 0, 8, 7, 3, 7, 6, 5, 3, 1, 3, 2, 2, 5, 4, 1, 2, 9, 2, 7, 0, 7, 2, 1, 3, 2, 0, 2, 4, 7, 9, 8, 9, 0, 7, 7, 0, 7, 8, 4, 6, 3, 3, 0, 1, 3, 7, 0, 1, 3, 1, 4, 2, 3, 8, 4, 2, 3, 7]","[1, 0, 0, 0, 1, 0, 0, 1, 0, 0, 0, 1, 0, 0, 1, 0, 0, 0, 0, 0, 0, 0, 1, 0, 1, 0, 1, 0, 1, 0, 0, 0, 0, 0, 0, 1, 0, 0, 0, 0, 0, 0, 0, 0, 0, 1, 0, 0, 0, 0, 0, 0, 0, 0, 0, 1, 0, 0, 0, 1, 0, 0, 0, 0]","[0.5616957995764414, 1.7724027404357605, 1.060311308685919, 1.3438575234776005, 1.4922609982888597, 1.9028678832375918, 1.2503371411927915, 1.0863772267424727, 2.023946703657499, 1.839720918252075, 0.6935983773379522, 0.6697247356510142, 1.8406903978548992, 1.8114403157692853, 0.5753490727434221, 1.5538820290177533, 1.0476959175687401, 1.8161113682815553, 0.8556025801189939, 1.3536456456654329, 0.8200253674744045, 1.3875951889246527, 1.6043513195083419, 1.4459043630082984, 1.1589365477672289, 0.833059742681756, 1.0979143426692293, 1.1580992266107022, 0.656529836378788, 1.576990253521179, 1.1796186166594909, 1.2956366050825796, 1.3982351948787486, 1.288003481554776, 1.8938627149323544, 0.7614226749846799, 0.8280141030339734, 0.7427192645042955, 1.5702146411403415, 1.845194163309251, 1.0650524082313384, 1.654308448466452, 1.74669092910474, 0.9015086304809696, 1.4033408509684222, 0.8744020804961288, 1.402066354469433, 1.7354732040363445, 0.8083990082645306, 0.8161715853692293, 0.9698866830646556, 1.9438073575220844, 1.461911523717499, 1.2816131876496168, 1.3918811943019782, 0.6265622538876465, 0.8956686874519353, 1.8378829581071892, 1.001035537132769, 0.7596125241686873, 1.496717937578509, 1.9073789828218808, 2.0507098259485925, 1.4796855856227515]","[0.7911158725999471, 0.356895663792681, 0.5093139495730533, 0.5629932232339017, 0.5762201699410111, 0.31411194936770775, 0.40463222645108254, 0.6028348680264456, 0.24015702822858698, 0.3136272073530805, 0.7743071286283547, 0.8552824469430053, 0.3241505801479037, 0.3128201206559887, 0.7612351016255944, 0.46102156394982624, 0.7258989011969766, 0.258843975979522, 0.7737057640433777, 0.5404844714385079, 0.6236458695272433, 0.5589717327482805, 0.47513360716023123, 0.5816460966876756, 0.6979189126463639, 0.6667676742554206, 0.6766317011147687, 0.7064692256607212, 0.7361511298979291, 0.3773432658808276, 0.6741928147035182, 0.617648069182562, 0.39125561896435357, 0.6290086335501497, 0.3775538327152775, 0.627614257503617, 0.6253638384615587, 0.5751544140035504, 0.3727992468849217, 0.3728998129425295, 0.7371184222663457, 0.3016359507017199, 0.4191537481680565, 0.6140393348428023, 0.504529613006184, 0.7956454665503451, 0.5492186085340773, 0.4226701865187299, 0.7369123006971456, 0.5204794919296486, 0.5771878387534202, 0.26152624795745844, 0.32707596082628004, 0.3706367602256867, 0.5838370118043548, 0.7899554100412626, 0.7725821848676191, 0.29272539532317854, 0.7411347790969174, 0.7933674108245719, 0.48739579478035727, 0.31218304120690554, 0.21292543986918158, 0.5662438937311048]","[0.463146835565567, 0.18604031205177307, 15.702089309692383, 15.231925010681152, 32.0, 31.953125]",0.015625,0.109375,0.015625,0.015625,0.03125,0.0,0.28125,0.03125,0.09375,0.40625,hidden_failure,hidden_failure,1,stream_d_mixed_long,13,3,1.2907127198600707,"[0.015625, 0.109375, 0.015625, 0.015625, 0.03125, 0.0, 0.28125, 0.03125, 0.09375, 0.40625]","[0.463146835565567, 0.18604031205177307, 15.702089309692383, 15.231925010681152, 32.0, 31.953125]",2.299135136377563,0.0,0.0,0.5601114649681529,0.28005573248407645,0.9196540545510252,0,1,0.3333333333333333,1.0,0.08585146329307938,0.662099664671787,0.662099664671787,True,1,1,scenario_region,hidden,0.7122771001063275,1.019156057528549,0.9936976621907238,0.09024081033212644,0
gaussian_noise_test_window_227,gaussian_noise,test,14,14528.0,14592.0,2.0,1.0,0.265625,1.2354566345444633,0.57018401521079,0.734375,clean_cifar10,2.5141919714324383,0.5306566455696202,"[6, 6, 8, 9, 9, 9, 6, 6, 9, 6, 6, 9, 9, 6, 6, 9, 9, 6, 4, 6, 9, 9, 9, 6, 3, 9, 4, 9, 8, 9, 8, 6, 1, 3, 9, 9, 1, 9, 8, 6, 9, 9, 9, 6, 6, 6, 9, 6, 6, 6, 6, 6, 6, 3, 1, 6, 9, 8, 6, 6, 9, 6, 6, 0]","[5, 4, 5, 1, 1, 8, 2, 2, 9, 3, 7, 8, 9, 2, 3, 1, 7, 3, 2, 3, 0, 1, 9, 5, 5, 3, 4, 5, 2, 0, 0, 3, 1, 3, 4, 7, 4, 2, 8, 4, 8, 9, 9, 4, 2, 4, 3, 6, 4, 6, 4, 6, 6, 3, 8, 7, 4, 8, 0, 5, 9, 3, 9, 0]","[0, 0, 0, 0, 0, 0, 0, 0, 1, 0, 0, 0, 1, 0, 0, 0, 0, 0, 0, 0, 0, 0, 1, 0, 0, 0, 1, 0, 0, 0, 0, 0, 1, 1, 0, 0, 0, 0, 1, 0, 0, 1, 1, 0, 0, 0, 0, 1, 0, 1, 0, 1, 1, 1, 0, 0, 0, 1, 0, 0, 1, 0, 0, 1]","[1.5410489089610646, 1.5904464054603733, 1.363694657712745, 0.7694957290241085, 0.6705589591795369, 0.7918130558460954, 0.4038024224853195, 0.7017561631782014, 0.634902844008887, 0.901597712730409, 2.165856513456825, 0.9014838965686851, 0.6387155322906428, 0.396373290411537, 1.1354617562890645, 0.5827214709164033, 1.8308944379674361, 1.2281691896682405, 1.7385879645879918, 1.7131533072407872, 1.4688636986637222, 0.720944490054632, 1.4480398691555747, 1.1775802466052319, 1.8825570377481065, 1.005990091086148, 1.7983940337219835, 1.4197827071963367, 1.078630894895777, 1.6377397016147184, 1.046339195858705, 1.3309887909873859, 0.5536968225408923, 2.1353986454485576, 1.825908969323007, 2.1132522321550584, 1.7258998118550504, 1.943874217069676, 1.0825190215837894, 1.379281333449256, 0.6712140902801313, 0.5992218088140584, 0.6090389628166728, 1.2712422732387578, 1.7841468641155922, 0.3919143843849834, 1.2897050676021158, 0.368200198246152, 0.6620785512544549, 1.4192826797109848, 1.6354239899270175, 1.5505934978879172, 0.7661527486637612, 1.5883848587614533, 1.0862914428707002, 1.961648946987217, 1.4163051349862443, 1.818914129320325, 2.036726197361167, 1.0154366706028832, 0.8125499544468981, 1.3660120486494396, 1.4244931789403925, 1.0480309019783642]","[0.5378572685527157, 0.4069000127471545, 0.6187554919406393, 0.5001742923495123, 0.6469001434449092, 0.6336056714703118, 0.9147555701386525, 0.8490220874420414, 0.7616341671114215, 0.7779758199560816, 0.19091929610113675, 0.6419450656142229, 0.7843803666809874, 0.9208516783633138, 0.7030654824020703, 0.7880942556764414, 0.3795828648819861, 0.6489667075407063, 0.4329332051271771, 0.39839853715862283, 0.36529052055523425, 0.5904950419028562, 0.33969241723507504, 0.6262849371244342, 0.32755319505402325, 0.7244643379605947, 0.36491902800338716, 0.5308250198059451, 0.658933596465915, 0.3049542538419359, 0.7083175191964304, 0.640592651976835, 0.8131529130148365, 0.24780911476086337, 0.4116282216902789, 0.22057676427923442, 0.30814151717514005, 0.33309029212794844, 0.6341334836741003, 0.536540416517538, 0.8315165612550811, 0.8401696520504495, 0.8336642314025438, 0.6362517093685519, 0.3066343778954677, 0.9235742463198044, 0.4239697237956055, 0.9327316371180663, 0.8301810972629897, 0.5322523613081731, 0.48984841673429386, 0.4770102442450684, 0.8088283622986728, 0.4369062183357372, 0.534151828418791, 0.2895799480341743, 0.3937232990994926, 0.31098234635804217, 0.22010356401464884, 0.7093966112002474, 0.7614996449671876, 0.5839526011676571, 0.6120377481014779, 0.5486973156756182]","[0.4661259353160858, 0.19158346951007843, 15.60229778289795, 15.594257354736328, 32.0, 32.0]",0.015625,0.046875,0.0,0.046875,0.03125,0.0,0.421875,0.0,0.078125,0.359375,hidden_failure,hidden_failure,2,stream_d_mixed_long,14,3,1.2354566345444633,"[0.015625, 0.046875, 0.0, 0.046875, 0.03125, 0.0, 0.421875, 0.0, 0.078125, 0.359375]","[0.4661259353160858, 0.19158346951007843, 15.60229778289795, 15.594257354736328, 32.0, 32.0]",2.5141919714324383,0.0,0.0,0.5306566455696202,0.2653283227848101,1.0,0,1,0.0,1.0,0.0,0.7346716772151899,0.7346716772151899,True,1,1,scenario_region,hidden,0.318042347405369,0.981806579410852,0.9756189026840348,0.09998711419782724,0
gaussian_noise_test_window_256,gaussian_noise,test,15,16384.0,16448.0,2.0,1.0,0.265625,1.1964001078879627,0.5872010322451225,0.734375,clean_cifar10,2.588474801243072,0.4831882911392405,"[6, 6, 1, 9, 1, 6, 9, 9, 6, 6, 9, 8, 6, 6, 6, 9, 1, 6, 9, 6, 9, 9, 9, 6, 8, 9, 1, 9, 8, 6, 9, 9, 4, 1, 8, 9, 9, 6, 6, 4, 8, 1, 9, 6, 6, 9, 9, 9, 8, 6, 8, 9, 8, 8, 9, 9, 6, 6, 6, 6, 6, 1, 6, 9]","[7, 5, 5, 2, 7, 5, 7, 9, 6, 3, 0, 8, 4, 5, 6, 1, 0, 4, 8, 4, 7, 1, 3, 2, 0, 9, 1, 8, 8, 6, 8, 1, 7, 1, 0, 9, 7, 6, 4, 5, 8, 2, 1, 2, 5, 8, 1, 1, 8, 8, 0, 9, 0, 0, 4, 3, 3, 5, 6, 6, 3, 1, 4, 4]","[0, 0, 0, 0, 0, 0, 0, 1, 1, 0, 0, 1, 0, 0, 1, 0, 0, 0, 0, 0, 0, 0, 0, 0, 0, 1, 1, 0, 1, 1, 0, 0, 0, 1, 0, 1, 0, 1, 0, 0, 1, 0, 0, 0, 0, 0, 0, 0, 1, 0, 0, 1, 0, 0, 0, 0, 0, 0, 1, 1, 0, 1, 0, 0]","[0.6464830861103956, 1.123160554586178, 1.4871194064740845, 0.5671048443928146, 2.052620624577533, 1.5191644677605505, 1.626404247885362, 0.909122917863991, 0.909495198776259, 1.9764048010131428, 0.7412716164838071, 0.8337025814236763, 1.2412533877658731, 1.8890586527866124, 1.3031478073848384, 0.7678405946373905, 0.7654055392857497, 1.8954171439831367, 0.769462506505046, 1.775234326976975, 0.7392008591094241, 0.9660988675504935, 0.3862886354986411, 1.0496163191925645, 1.3117136017400455, 0.7699436654058078, 0.5677562562125107, 1.2461463743185202, 1.2554519391006078, 1.5652675150447344, 0.8071179690440936, 0.9834213959574876, 1.5974016422317765, 0.9694936131728, 1.694659892718684, 0.8498456182221459, 1.511311952354205, 0.6696586612025852, 0.7447676704739316, 1.2026002062084893, 1.0375244054756474, 1.9239417308250475, 0.7065718006738246, 0.5971985242018163, 1.8527526280844926, 1.7700926694557804, 1.4418376926430523, 1.0478408628107445, 1.0671468775248807, 1.3933588909666985, 1.1425978951664, 0.6835178565668217, 1.221587032528222, 1.7670429575383702, 1.3736129931684966, 1.2683392930369684, 1.784578891068187, 1.3733980927429559, 1.326946705144641, 1.0632278494569798, 1.7085123199659185, 0.7665069062308825, 1.5326787391819967, 1.0321563289378375]","[0.8505105173027767, 0.637630214789914, 0.3865950768230815, 0.8862497899454157, 0.2772441801052755, 0.49627721563461447, 0.478168787934902, 0.5977115920209568, 0.7554947212188317, 0.20691023640543565, 0.7912932266761219, 0.7549623073745645, 0.5802941135347305, 0.34208737771503317, 0.5994615733988972, 0.7289737305536611, 0.7663988239954833, 0.37114227930769705, 0.7725845094348583, 0.33609404597207776, 0.8379076200385632, 0.7441670201167435, 0.896255126813522, 0.7106504533479517, 0.5580451785093945, 0.5750006942658125, 0.7548802912180255, 0.5738187830742694, 0.4976887468858942, 0.35805717348027777, 0.7684566055249261, 0.4752945826424683, 0.4398497299187609, 0.5888849779248161, 0.42685219040024636, 0.6466318862158694, 0.5821956456371784, 0.8545397198259896, 0.8010067243682221, 0.4456115795958688, 0.717995119766384, 0.215351617072891, 0.670127714619538, 0.857416618183028, 0.3461500220755627, 0.3406281612748532, 0.4141973220551471, 0.5077486086693784, 0.6723287924282876, 0.6199342264020689, 0.5476491576880488, 0.7979954192004286, 0.502340517005357, 0.4089169666645566, 0.5669137917160589, 0.6379910701505224, 0.3779681362728701, 0.583345083235343, 0.5819303314848001, 0.7339956266909035, 0.45855542555380663, 0.622392063675824, 0.5087298497891306, 0.7383853720639226]","[0.4919572174549103, 0.20224907994270325, 15.674373626708984, 15.451476097106934, 32.0, 32.0]",0.0,0.109375,0.0,0.0,0.03125,0.0,0.359375,0.0,0.140625,0.359375,hidden_failure,hidden_failure,3,stream_d_mixed_long,15,3,1.1964001078879627,"[0.0, 0.109375, 0.0, 0.0, 0.03125, 0.0, 0.359375, 0.0, 0.140625, 0.359375]","[0.4919572174549103, 0.20224907994270325, 15.674373626708984, 15.451476097106934, 32.0, 32.0]",2.588474801243072,0.0,0.0,0.4831882911392405,0.24159414556962025,1.0,0,1,0.0,1.0,0.0,0.7584058544303798,0.7584058544303798,True,1,1,scenario_region,hidden,0.12437964560855527,0.9656769384485422,0.9421326750364449,0.09137700114006266,0
clean_validation_window_56,clean,validation,16,3584.0,3648.0,0.0,0.0,0.671875,1.2512357818563213,0.5259664532394338,0.328125,clean_cifar10,0.0,0.0,"[1, 3, 3, 0, 2, 3, 9, 4, 3, 6, 6, 1, 7, 8, 3, 5, 6, 9, 8, 1, 8, 4, 1, 6, 2, 9, 1, 1, 1, 4, 3, 9, 4, 1, 0, 6, 3, 2, 9, 9, 7, 5, 9, 6, 9, 5, 7, 1, 3, 9, 2, 0, 1, 6, 0, 1, 1, 8, 7, 0, 1, 3, 9, 8]","[1, 3, 7, 0, 4, 2, 9, 4, 3, 6, 2, 1, 7, 8, 2, 3, 6, 3, 8, 1, 8, 4, 9, 6, 2, 3, 1, 8, 1, 4, 3, 9, 4, 1, 0, 6, 7, 4, 9, 9, 5, 5, 9, 6, 2, 3, 5, 1, 5, 9, 4, 0, 1, 4, 3, 1, 1, 8, 7, 0, 1, 5, 9, 8]","[1, 1, 0, 1, 0, 0, 1, 1, 1, 1, 0, 1, 1, 1, 0, 0, 1, 0, 1, 1, 1, 1, 0, 1, 1, 0, 1, 0, 1, 1, 1, 1, 1, 1, 1, 1, 0, 0, 1, 1, 0, 1, 1, 1, 0, 0, 0, 1, 0, 1, 0, 1, 1, 0, 0, 1, 1, 1, 1, 1, 1, 0, 1, 1]","[0.8525784767777356, 1.4162603011289892, 1.614492944307717, 1.0206513027710928, 1.8690070365234768, 1.6755825361227734, 0.4938372838393521, 1.5169682649406313, 1.807921975220136, 0.3625637783515377, 1.4582958247191837, 1.1060624113940487, 0.8060948297278872, 0.7157219839639589, 1.2585839622113133, 1.541540560367115, 0.895066819638442, 1.5106535055643548, 1.085953234052874, 1.2319458711327456, 0.8152294580061445, 1.3462274298472277, 1.6011780224799252, 0.6180407715049426, 1.5097084564929177, 1.045842983858404, 1.3061626604911267, 2.044490851322992, 0.7396853325741046, 0.9809553314518709, 1.4807432742185342, 0.830798697073235, 1.3278965562446552, 2.093296012540042, 1.4360776371131203, 1.5120813214687452, 2.0627433760894025, 1.7066021269390534, 0.9203936118128448, 0.6796258502830539, 1.8277843263556461, 1.1972808281820777, 0.9957265018495054, 1.162587316944902, 1.7049312609042633, 1.145019318019169, 1.5796355603538745, 0.46960454058484985, 1.5594606577681376, 0.6232954243833739, 1.9781115360759793, 1.0751591759334482, 1.044872565130363, 1.3907431476333862, 1.6815381897422113, 1.5157222457152706, 0.6253458596763962, 0.773529954897736, 1.4918776424185818, 1.1028535325437403, 1.354063910159351, 1.584084292758487, 0.9843919668801449, 0.9139076193259554]","[0.5415277650847894, 0.3532600585791267, 0.40389929696632143, 0.6707041890400559, 0.2603700073918651, 0.2897799129286149, 0.8115189153001546, 0.3841501606743548, 0.22625660811244028, 0.9273265535782819, 0.5850060474358922, 0.6077309613129186, 0.7874366447413864, 0.6266721973104453, 0.46770091675120684, 0.3142056765966309, 0.7637267979869292, 0.4797315756462143, 0.6527069701265803, 0.47957829210179437, 0.6266382113023954, 0.558486176489753, 0.4395740608522472, 0.8728316291752011, 0.512004558215599, 0.5842921694028737, 0.4200958419077545, 0.19947771940396364, 0.6457630114467205, 0.679150596592483, 0.4044510547392694, 0.6499387199389981, 0.5100257626302036, 0.2354712345687502, 0.4517055590135798, 0.4086189553397596, 0.21625476418227238, 0.33026666006109207, 0.7723954253881211, 0.6888974776648495, 0.36366033125358566, 0.4536499218782122, 0.6260333694506944, 0.5567103272888035, 0.3687791256730989, 0.46876590252757244, 0.40700837542356166, 0.8847401585991372, 0.42068535447488115, 0.7638220301092893, 0.28834818533219914, 0.6242649680421523, 0.5642709483441812, 0.4553983944353038, 0.3421572123532817, 0.4112341357378072, 0.7959725414592306, 0.7266201317377096, 0.4133215011536449, 0.5514333900807247, 0.6422832643772977, 0.42273077573675283, 0.5928188782379863, 0.6775146476347638]","[0.49656301736831665, 0.2038346529006958, 15.417405128479004, 14.77279281616211, 32.0, 32.0]",0.078125,0.203125,0.0625,0.140625,0.0625,0.046875,0.109375,0.0625,0.078125,0.15625,stable,recovery,0,stream_d_mixed_long,16,4,1.2512357818563213,"[0.078125, 0.203125, 0.0625, 0.140625, 0.0625, 0.046875, 0.109375, 0.0625, 0.078125, 0.15625]","[0.49656301736831665, 0.2038346529006958, 15.417405128479004, 14.77279281616211, 32.0, 32.0]",2.300195558945066,0.0,0.0,0.1449762658227848,0.0724881329113924,0.9200782235780265,0,1,0.0,1.0,0.0,0.8533834710184246,0.8533834710184246,True,0,0,stable_or_mild_region,hidden,0.3924050632911392,0.9920544129297622,0.9346468778352267,0.07384722100573994,0
clean_validation_window_36,clean,validation,17,2304.0,2368.0,0.0,0.0,0.71875,1.2049131390967052,0.5638334288039003,0.28125,clean_cifar10,0.0,0.0,"[2, 4, 2, 9, 7, 2, 1, 4, 4, 3, 1, 1, 6, 0, 5, 7, 0, 7, 7, 7, 8, 7, 0, 3, 9, 0, 3, 6, 9, 2, 5, 6, 0, 2, 8, 0, 9, 8, 8, 9, 4, 4, 8, 6, 4, 1, 8, 3, 6, 0, 6, 0, 7, 5, 3, 3, 2, 6, 1, 9, 1, 1, 1, 9]","[2, 4, 3, 9, 7, 2, 1, 4, 4, 3, 1, 9, 2, 0, 4, 7, 0, 7, 3, 7, 0, 7, 0, 3, 0, 0, 3, 6, 0, 5, 5, 2, 0, 0, 9, 0, 9, 8, 8, 9, 4, 4, 7, 6, 4, 1, 8, 5, 6, 2, 6, 0, 7, 5, 5, 5, 2, 6, 1, 9, 1, 1, 7, 9]","[1, 1, 0, 1, 1, 1, 1, 1, 1, 1, 1, 0, 0, 1, 0, 1, 1, 1, 0, 1, 0, 1, 1, 1, 0, 1, 1, 1, 0, 0, 1, 0, 1, 0, 0, 1, 1, 1, 1, 1, 1, 1, 0, 1, 1, 1, 1, 0, 1, 0, 1, 1, 1, 1, 0, 0, 1, 1, 1, 1, 1, 1, 0, 1]","[1.504271592963019, 1.1499293259667067, 1.6173684344176174, 0.5431624608296672, 1.8899183040366814, 1.6095594104726785, 0.954144390935068, 1.3570971757733536, 1.7735685242330257, 1.458568468435538, 0.6478441746605108, 0.9081611878950699, 1.223740608310635, 0.8138957687686167, 1.719112802087869, 1.44132251673399, 0.976350740463539, 1.0147400816265764, 1.8860731267472106, 1.1324553217571605, 0.6790119393295923, 1.2806584893057469, 1.1835049899271946, 1.682721852646638, 0.8376138306915489, 1.3552079426042405, 0.902894195080455, 0.22786868736465254, 1.1193435804176803, 1.433317689088422, 1.2631215766271306, 1.7244847155812095, 1.188975263668361, 1.5923382871003207, 1.5278009625119382, 1.5943711041701176, 0.6133972467340405, 0.6584834805407539, 1.1975657752242452, 0.9008495995324972, 1.6238143156795621, 1.5389370223259318, 1.5721586100718297, 0.7338350384722704, 1.931970351656982, 0.3897271065921876, 0.6181986237546818, 1.2607417583013063, 0.904766394873148, 1.537517264520996, 1.159089341221302, 0.9778625861948926, 1.1759657778697525, 1.0813617677136194, 1.075901774127891, 1.9108931894020549, 1.9282355480694842, 1.2475468870575717, 0.89310814713547, 0.785682914182825, 1.1012789550648252, 0.5915507506287887, 1.7831459071982112, 0.7063352448122259]","[0.525991365792488, 0.642159122659916, 0.46571299046445314, 0.7860463042806366, 0.3835214196690987, 0.4629658692409125, 0.6613551637499372, 0.5730202919134284, 0.36014905575957773, 0.4693772731985786, 0.8068508398052092, 0.5729092689862096, 0.46859927175322175, 0.6966948204616789, 0.30474239905710776, 0.5376942027560323, 0.6321789430333343, 0.7500821937213498, 0.2674778471445802, 0.6055749122120411, 0.7352887513122004, 0.49754236400774543, 0.6650892115557837, 0.3609882917944597, 0.5186955188965754, 0.49755403254921043, 0.6378406846108081, 0.9587821573226128, 0.5204652887931592, 0.4964319864386599, 0.4698199899893687, 0.26385146213984245, 0.6647283524245503, 0.506051277075626, 0.49570038760683827, 0.4586502201528755, 0.7911364429601664, 0.692757828562157, 0.5728926826968594, 0.5305859541022206, 0.39364558912761616, 0.4886900047598573, 0.5137022411071801, 0.8206391141732079, 0.32729217086334533, 0.9027520625378481, 0.7648069757489969, 0.44615329778985513, 0.7589308297485636, 0.38698816587523893, 0.6314767377861765, 0.5428690873165894, 0.6608090422122136, 0.603203488141122, 0.47549227065163463, 0.30061804308035184, 0.26526104241255316, 0.6337346477918853, 0.5914690841508732, 0.6894943718574642, 0.5799111010030098, 0.8158974146801189, 0.43502431846407774, 0.7485219015183298]","[0.4986761212348938, 0.19428011775016785, 15.402154922485352, 14.85363483428955, 32.0, 32.0]",0.125,0.125,0.09375,0.09375,0.09375,0.046875,0.109375,0.109375,0.09375,0.109375,stable,recovery,1,stream_d_mixed_long,17,4,1.2049131390967052,"[0.125, 0.125, 0.09375, 0.09375, 0.09375, 0.046875, 0.109375, 0.109375, 0.09375, 0.109375]","[0.4986761212348938, 0.19428011775016785, 15.402154922485352, 14.85363483428955, 32.0, 32.0]",1.953394155850804,0.0,0.0,0.11016613924050633,0.05508306962025317,0.7813576623403216,0,1,0.0,1.0,0.0,0.7383180838273115,0.7383180838273115,True,0,0,stable_or_mild_region,hidden,0.17721518987341772,0.9777373479854053,0.9138391596374537,0.06897056898639123,0
clean_validation_window_19,clean,validation,18,1216.0,1280.0,0.0,0.0,0.578125,1.1563128928064572,0.5534771818126527,0.421875,clean_cifar10,0.0,0.0,"[2, 5, 4, 9, 2, 9, 3, 1, 8, 1, 3, 9, 7, 2, 3, 5, 6, 9, 7, 2, 4, 1, 1, 7, 1, 4, 2, 9, 6, 6, 5, 3, 8, 8, 6, 5, 6, 4, 2, 4, 6, 6, 4, 1, 8, 6, 3, 6, 4, 5, 7, 3, 8, 9, 7, 6, 8, 6, 9, 5, 7, 8, 9, 1]","[2, 5, 4, 1, 4, 9, 5, 8, 0, 9, 3, 9, 7, 3, 3, 3, 3, 1, 4, 2, 9, 1, 1, 5, 1, 4, 2, 9, 2, 4, 5, 5, 8, 8, 4, 4, 6, 4, 2, 4, 6, 6, 2, 1, 8, 2, 3, 6, 5, 3, 7, 5, 1, 9, 7, 6, 8, 6, 5, 5, 4, 0, 9, 1]","[1, 1, 1, 0, 0, 1, 0, 0, 0, 0, 1, 1, 1, 0, 1, 0, 0, 0, 0, 1, 0, 1, 1, 0, 1, 1, 1, 1, 0, 0, 1, 0, 1, 1, 0, 0, 1, 1, 1, 1, 1, 1, 0, 1, 1, 0, 1, 1, 0, 0, 1, 0, 0, 1, 1, 1, 1, 1, 0, 1, 0, 0, 1, 1]","[1.624076546431381, 1.0422018907809854, 1.4489180210199926, 1.0724847662184331, 1.7549791105840051, 0.27151945044359427, 1.5375640556235952, 1.1917388099289028, 1.1416426605871297, 0.4319091853177221, 1.6464906901420264, 0.47620934717100283, 0.7397734878293885, 1.7019117491307703, 1.8801685021517067, 1.595780410942475, 1.3515523389110597, 0.7379310175255589, 1.866310934065795, 1.5827835613336008, 1.6435575642759246, 0.7309263820638254, 0.7850008327892122, 1.4504815267064188, 0.6689537712600122, 1.4815565080601698, 1.6529900843615462, 0.6665211461472125, 1.5946233811282702, 1.417774885312749, 1.445791256797324, 1.7508675292026712, 0.9649713575897725, 0.8706367034693053, 1.3339356904974005, 1.3173324390338157, 1.2214073964892218, 1.293131810194698, 1.9699461233574052, 1.0987660848577783, 0.493453820851858, 0.5292471193388432, 1.225801322621301, 0.9526850304811402, 0.6206982380228933, 1.120466161978572, 1.235334457741463, 0.7819170055609366, 1.4446000850866834, 1.234252837441903, 0.8005559349144801, 0.9360498789483372, 1.4764467890840176, 0.6961489578149149, 1.6141185221012286, 0.09095796405484351, 0.6290374785550245, 0.8758031569801882, 1.8803328396098529, 0.8127469844748576, 1.7112871183982425, 1.3241604150983153, 0.5814295083606398, 0.48137450235885937]","[0.43831729763514643, 0.5284844493789244, 0.39673738204660197, 0.513491613665854, 0.23851665292930035, 0.9400462185285046, 0.4282306245418497, 0.49950766509627215, 0.4574116816332565, 0.861840329726093, 0.32596105389023955, 0.8562170335034436, 0.7998702438661744, 0.2934607622093372, 0.2765541362959021, 0.4230110310371334, 0.42542141981036585, 0.633145299077241, 0.3150516040224588, 0.4344755543635121, 0.45151473451108265, 0.5584969222058789, 0.6326788837508389, 0.33547540130191333, 0.6632251766916972, 0.45624206729393824, 0.3551360909029414, 0.7686877937808076, 0.31007356033509215, 0.3207902773043341, 0.44388990620411145, 0.40082020323483103, 0.6858016345652118, 0.5390513846572098, 0.5635088566813387, 0.4904158934511731, 0.6732177708667842, 0.417284889711693, 0.2579205616612223, 0.6546428522341252, 0.8918980360649189, 0.8775245540928281, 0.4812511501787411, 0.5867466638555053, 0.794127696136442, 0.5462600887775795, 0.4639982094691799, 0.7819157491143239, 0.5160498225938824, 0.499056248948033, 0.7633173849475942, 0.6857857723166494, 0.42389188869529315, 0.6049681041357851, 0.4906983476460915, 0.9861311325101051, 0.7426498049389478, 0.7567138930606874, 0.2679970788305757, 0.7234213479029555, 0.3678183846042729, 0.4535319088525632, 0.8012780573898721, 0.8508813963431171]","[0.4970208704471588, 0.19775834679603577, 15.495943069458008, 14.961329460144043, 32.0, 32.0]",0.0,0.109375,0.09375,0.09375,0.109375,0.09375,0.171875,0.09375,0.109375,0.125,stable,recovery,2,stream_d_mixed_long,18,4,1.1563128928064572,"[0.0, 0.109375, 0.09375, 0.09375, 0.109375, 0.09375, 0.171875, 0.09375, 0.109375, 0.125]","[0.4970208704471588, 0.19775834679603577, 15.495943069458008, 14.961329460144043, 32.0, 32.0]",1.6268320771583498,0.0,0.0,0.14042721518987344,0.07021360759493672,0.6507328308633399,0,1,0.0,1.0,0.0,0.605042531227959,0.605042531227959,True,0,0,stable_or_mild_region,hidden,0.02531645569620253,0.9741626099348467,0.8902279408130889,0.05443076840392293,0
clean_validation_window_7,clean,validation,19,448.0,512.0,0.0,0.0,0.4375,1.3301989793497637,0.48981937661885866,0.5625,clean_cifar10,0.0,0.0,"[4, 7, 3, 4, 6, 6, 2, 9, 0, 0, 3, 7, 6, 0, 0, 9, 1, 9, 9, 6, 5, 2, 1, 3, 9, 3, 6, 1, 7, 7, 8, 5, 6, 3, 8, 1, 8, 1, 1, 0, 1, 6, 2, 3, 3, 4, 2, 9, 3, 9, 9, 5, 1, 3, 3, 3, 2, 7, 7, 1, 5, 0, 3, 6]","[5, 7, 5, 2, 6, 6, 3, 1, 3, 0, 3, 7, 2, 8, 8, 9, 9, 9, 1, 3, 7, 5, 1, 3, 9, 5, 6, 1, 7, 5, 8, 3, 7, 5, 5, 1, 0, 1, 8, 1, 1, 2, 7, 4, 5, 7, 2, 9, 4, 9, 9, 5, 1, 5, 3, 5, 5, 7, 7, 0, 3, 0, 4, 5]","[0, 1, 0, 0, 1, 1, 0, 0, 0, 1, 1, 1, 0, 0, 0, 1, 0, 1, 0, 0, 0, 0, 1, 1, 1, 0, 1, 1, 1, 0, 1, 0, 0, 0, 0, 1, 0, 1, 0, 0, 1, 0, 0, 0, 0, 0, 1, 1, 0, 1, 1, 1, 1, 0, 1, 0, 0, 1, 1, 0, 0, 1, 0, 0]","[1.49019148752153, 1.3072282503072912, 1.359707050432562, 1.5043864304836967, 0.5076992586250391, 1.3743041765387778, 1.613487735392234, 1.7376481716540746, 1.7572463187190872, 1.6143945049725366, 2.047271797050726, 2.002870366575511, 1.3901385665462154, 1.02266790251432, 1.1456459330628113, 0.7148794430705798, 0.7263360272920029, 1.2120069955038126, 1.5143517615420174, 1.5872524170461988, 1.7398323901133363, 1.968921781030932, 0.8220879611096559, 1.7312207722479205, 1.5390488247496767, 1.340164943582896, 0.9495024310306299, 0.6560518295730802, 0.7142173571417018, 1.4633308962569187, 0.9333209218510488, 1.3210473885367735, 1.485604624781461, 1.7700915365454832, 1.8142614186612747, 1.2274783284342665, 1.4304415692031172, 0.7490194015494092, 0.9073257323851065, 1.5106278016779513, 0.4484469313787877, 1.371348597828173, 2.0728128549140132, 1.7329035174128746, 1.8522279725462312, 1.7637609066993365, 1.081448648001239, 0.8193297571274784, 1.774736004425299, 0.608577021377163, 0.8453413638669315, 1.0563294912404675, 0.6106487599524075, 1.3736683056684174, 1.013786449025064, 1.2019443636671898, 1.3805657876184214, 1.0990611011673763, 2.0734159086759445, 1.6018690037388652, 0.8796515636303508, 1.1525956379993314, 2.1291758686301607, 1.4857763564796922]","[0.4481827730098257, 0.664471990262495, 0.4725457309719387, 0.41093547784884576, 0.8831009363124939, 0.5675832893073117, 0.4122581223402574, 0.35250497311316475, 0.28158319293200834, 0.41645593837882455, 0.23541966899405284, 0.21970894560373483, 0.4198259392190924, 0.5204558645853952, 0.5966765512644449, 0.6450167736754903, 0.6086439905824227, 0.4370488221061575, 0.43781699105392763, 0.3064794926472836, 0.33727980026173154, 0.26863051490483464, 0.6570921758305597, 0.33403422012293643, 0.5105506434713969, 0.5242894237522597, 0.6975906727487501, 0.7572878728437649, 0.8142128624110239, 0.40710544493890444, 0.5457850514388546, 0.4395928059007946, 0.4490682806757161, 0.3280796145888876, 0.41280200960735475, 0.42056450307333154, 0.5314515651688974, 0.7206818453161891, 0.5080590596177749, 0.30991739259012774, 0.8414380636131411, 0.4630831109995134, 0.249410640791085, 0.2471655673955088, 0.27482484692281667, 0.33093108696472495, 0.6931173769531311, 0.629804653433334, 0.307725484845965, 0.7562411562247603, 0.7768406414703829, 0.5836085336211675, 0.763583336346641, 0.42101164114446693, 0.5185265008958245, 0.4670287861470149, 0.5317421115637365, 0.6606527811826743, 0.26670695821046164, 0.29734750998099096, 0.6261668221181534, 0.6548779775046177, 0.21431302032630117, 0.4615002714772833]","[0.484480082988739, 0.2015220820903778, 15.389193534851074, 15.416017532348633, 31.953125, 31.9375]",0.09375,0.140625,0.078125,0.1875,0.046875,0.0625,0.125,0.09375,0.046875,0.125,stable,recovery,3,stream_d_mixed_long,19,4,1.3301989793497637,"[0.09375, 0.140625, 0.078125, 0.1875, 0.046875, 0.0625, 0.125, 0.09375, 0.046875, 0.125]","[0.484480082988739, 0.2015220820903778, 15.389193534851074, 15.416017532348633, 31.953125, 31.9375]",1.5405392736035848,1.0469115944498015,0.3489705314832672,0.12420886075949367,0.23658969612138042,0.6162157094414339,0,1,0.0,1.0,0.0,0.47042542199946413,0.47042542199946413,True,0,1,stable_or_mild_region,hidden,0.8860759493670886,1.0130727100637675,0.9018656325740032,0.03386046213238153,0
