profile_id,composition_name,combination_size,client_names,source_dir,source_checkpoint_name,source_checkpoint_path,dataset,aggregation,reference_global_round,functional_task_type,functional_input_modality,functional_input_shape,functional_output_type,functional_label_space,functional_label_count,functional_data_domain,num_target_samples,evaluation_accuracy,latency_seconds,trial_evaluation_time_seconds,reliability_profile_time_seconds,profile_build_time_seconds,quality_factor,reliability_score,prediction_distribution,weights_file
size1_C1,C1,1,"[""client_0""]",/Users/deepakkanneganti/Documents/Experimemt 3/MINIST/Performing composition/artifacts_expanded/C1,composition_model.pt,/Users/deepakkanneganti/Documents/Experimemt 3/MINIST/Performing composition/artifacts_expanded/C1/composition_model.pt,clean_mnist_test,sample-weighted-fedavg,9,digit_classification,mnist_image,1x28x28,digit_label,digits_0_9,10,clean_mnist,10000,0.9863,6.914540834,6.917591417,0.3397244999999991,7.333662958,0.9863,0.9833949896476499,"[0.0969, 0.1149, 0.1057, 0.1002, 0.0988, 0.0902, 0.0942, 0.1015, 0.1006, 0.097]",/Users/deepakkanneganti/Documents/Experimemt 3/MINIST/traditional adaptive composition techniques/profile/weights/size1_C1.pt
size2_C1_C2,C1_C2,2,"[""client_0"", ""client_1""]",/Users/deepakkanneganti/Documents/Experimemt 3/MINIST/Performing composition/artifacts_expanded/C1_C2,composition_model.pt,/Users/deepakkanneganti/Documents/Experimemt 3/MINIST/Performing composition/artifacts_expanded/C1_C2/composition_model.pt,clean_mnist_test,sample-weighted-fedavg,9,digit_classification,mnist_image,1x28x28,digit_label,digits_0_9,10,clean_mnist,10000,0.9878,5.578664000000002,5.579897333000002,0.3252697920000003,5.924221875000001,0.9878,0.9833949896476499,"[0.0977, 0.1145, 0.1059, 0.1, 0.0995, 0.0901, 0.0941, 0.103, 0.0977, 0.0975]",/Users/deepakkanneganti/Documents/Experimemt 3/MINIST/traditional adaptive composition techniques/profile/weights/size2_C1_C2.pt
size3_C1_C2_C3,C1_C2_C3,3,"[""client_0"", ""client_1"", ""client_2""]",/Users/deepakkanneganti/Documents/Experimemt 3/MINIST/Performing composition/artifacts_expanded/C1_C2_C3,composition_model.pt,/Users/deepakkanneganti/Documents/Experimemt 3/MINIST/Performing composition/artifacts_expanded/C1_C2_C3/composition_model.pt,clean_mnist_test,sample-weighted-fedavg,9,digit_classification,mnist_image,1x28x28,digit_label,digits_0_9,10,clean_mnist,10000,0.9896,5.336767416000001,5.338761625,0.2939072500000002,5.651716832999998,0.9895999999999999,0.9833949896476499,"[0.0979, 0.1137, 0.1055, 0.1011, 0.0991, 0.0892, 0.0954, 0.1019, 0.098, 0.0982]",/Users/deepakkanneganti/Documents/Experimemt 3/MINIST/traditional adaptive composition techniques/profile/weights/size3_C1_C2_C3.pt
size4_C1_C2_C3_C4,C1_C2_C3_C4,4,"[""client_0"", ""client_1"", ""client_2"", ""client_3""]",/Users/deepakkanneganti/Documents/Experimemt 3/MINIST/Performing composition/artifacts_expanded/C1_C2_C3_C4,composition_model.pt,/Users/deepakkanneganti/Documents/Experimemt 3/MINIST/Performing composition/artifacts_expanded/C1_C2_C3_C4/composition_model.pt,clean_mnist_test,sample-weighted-fedavg,9,digit_classification,mnist_image,1x28x28,digit_label,digits_0_9,10,clean_mnist,10000,0.9905,5.066476375000001,5.066739165999998,0.28282154200000065,5.362461499999998,0.9904999999999999,0.9817017518131382,"[0.0981, 0.1134, 0.1051, 0.1015, 0.0982, 0.0893, 0.0952, 0.1018, 0.0983, 0.0991]",/Users/deepakkanneganti/Documents/Experimemt 3/MINIST/traditional adaptive composition techniques/profile/weights/size4_C1_C2_C3_C4.pt
size5_C1_C2_C3_C4_C5,C1_C2_C3_C4_C5,5,"[""client_0"", ""client_1"", ""client_2"", ""client_3"", ""client_4""]",/Users/deepakkanneganti/Documents/Experimemt 3/MINIST/Performing composition/artifacts_expanded/C1_C2_C3_C4_C5,composition_model.pt,/Users/deepakkanneganti/Documents/Experimemt 3/MINIST/Performing composition/artifacts_expanded/C1_C2_C3_C4_C5/composition_model.pt,clean_mnist_test,sample-weighted-fedavg,9,digit_classification,mnist_image,1x28x28,digit_label,digits_0_9,10,clean_mnist,10000,0.9905,5.455699666000001,5.4559979999999975,0.2706857079999949,5.741737333,0.9904999999999999,0.9816217113754138,"[0.0981, 0.1134, 0.1047, 0.1014, 0.0984, 0.0897, 0.0955, 0.102, 0.0978, 0.099]",/Users/deepakkanneganti/Documents/Experimemt 3/MINIST/traditional adaptive composition techniques/profile/weights/size5_C1_C2_C3_C4_C5.pt
size4_C1_C2_C3_C5,C1_C2_C3_C5,4,"[""client_0"", ""client_1"", ""client_2"", ""client_4""]",/Users/deepakkanneganti/Documents/Experimemt 3/MINIST/Performing composition/artifacts_expanded/C1_C2_C3_C5,composition_model.pt,/Users/deepakkanneganti/Documents/Experimemt 3/MINIST/Performing composition/artifacts_expanded/C1_C2_C3_C5/composition_model.pt,clean_mnist_test,sample-weighted-fedavg,9,digit_classification,mnist_image,1x28x28,digit_label,digits_0_9,10,clean_mnist,10000,0.99,5.063803041,5.064175084000006,0.3163236669999989,5.401636707999998,0.9899999999999999,0.9834778888552207,"[0.0981, 0.1137, 0.1047, 0.1011, 0.0991, 0.0894, 0.0958, 0.1027, 0.0975, 0.0979]",/Users/deepakkanneganti/Documents/Experimemt 3/MINIST/traditional adaptive composition techniques/profile/weights/size4_C1_C2_C3_C5.pt
size3_C1_C2_C4,C1_C2_C4,3,"[""client_0"", ""client_1"", ""client_3""]",/Users/deepakkanneganti/Documents/Experimemt 3/MINIST/Performing composition/artifacts_expanded/C1_C2_C4,composition_model.pt,/Users/deepakkanneganti/Documents/Experimemt 3/MINIST/Performing composition/artifacts_expanded/C1_C2_C4/composition_model.pt,clean_mnist_test,sample-weighted-fedavg,9,digit_classification,mnist_image,1x28x28,digit_label,digits_0_9,10,clean_mnist,10000,0.9905,5.252446124999999,5.252998916999999,0.32175250000000233,5.588644625000001,0.9905000000000002,0.9834778888552207,"[0.0983, 0.114, 0.1047, 0.1014, 0.0983, 0.0898, 0.0945, 0.1021, 0.0977, 0.0992]",/Users/deepakkanneganti/Documents/Experimemt 3/MINIST/traditional adaptive composition techniques/profile/weights/size3_C1_C2_C4.pt
size4_C1_C2_C4_C5,C1_C2_C4_C5,4,"[""client_0"", ""client_1"", ""client_3"", ""client_4""]",/Users/deepakkanneganti/Documents/Experimemt 3/MINIST/Performing composition/artifacts_expanded/C1_C2_C4_C5,composition_model.pt,/Users/deepakkanneganti/Documents/Experimemt 3/MINIST/Performing composition/artifacts_expanded/C1_C2_C4_C5/composition_model.pt,clean_mnist_test,sample-weighted-fedavg,9,digit_classification,mnist_image,1x28x28,digit_label,digits_0_9,10,clean_mnist,10000,0.9906,5.123578625,5.123893125000002,0.3178032499999972,5.464733917000004,0.9906,0.9834778888552207,"[0.0983, 0.1135, 0.1047, 0.1013, 0.0984, 0.0899, 0.095, 0.1027, 0.0975, 0.0987]",/Users/deepakkanneganti/Documents/Experimemt 3/MINIST/traditional adaptive composition techniques/profile/weights/size4_C1_C2_C4_C5.pt
size3_C1_C2_C5,C1_C2_C5,3,"[""client_0"", ""client_1"", ""client_4""]",/Users/deepakkanneganti/Documents/Experimemt 3/MINIST/Performing composition/artifacts_expanded/C1_C2_C5,composition_model.pt,/Users/deepakkanneganti/Documents/Experimemt 3/MINIST/Performing composition/artifacts_expanded/C1_C2_C5/composition_model.pt,clean_mnist_test,sample-weighted-fedavg,9,digit_classification,mnist_image,1x28x28,digit_label,digits_0_9,10,clean_mnist,10000,0.9899,5.462247417,5.462648917000003,0.2816409580000041,5.801847040999995,0.9898999999999999,0.9834778888552207,"[0.098, 0.1139, 0.1043, 0.1005, 0.0991, 0.0898, 0.0954, 0.1038, 0.0972, 0.098]",/Users/deepakkanneganti/Documents/Experimemt 3/MINIST/traditional adaptive composition techniques/profile/weights/size3_C1_C2_C5.pt
size2_C1_C3,C1_C3,2,"[""client_0"", ""client_2""]",/Users/deepakkanneganti/Documents/Experimemt 3/MINIST/Performing composition/artifacts_expanded/C1_C3,composition_model.pt,/Users/deepakkanneganti/Documents/Experimemt 3/MINIST/Performing composition/artifacts_expanded/C1_C3/composition_model.pt,clean_mnist_test,sample-weighted-fedavg,9,digit_classification,mnist_image,1x28x28,digit_label,digits_0_9,10,clean_mnist,10000,0.9887,5.688145792,5.688490167000005,0.36339312500000176,6.0692726250000035,0.9887,0.9817017518131382,"[0.0975, 0.1136, 0.1054, 0.1015, 0.0987, 0.089, 0.0956, 0.1016, 0.0986, 0.0985]",/Users/deepakkanneganti/Documents/Experimemt 3/MINIST/traditional adaptive composition techniques/profile/weights/size2_C1_C3.pt
size3_C1_C3_C4,C1_C3_C4,3,"[""client_0"", ""client_2"", ""client_3""]",/Users/deepakkanneganti/Documents/Experimemt 3/MINIST/Performing composition/artifacts_expanded/C1_C3_C4,composition_model.pt,/Users/deepakkanneganti/Documents/Experimemt 3/MINIST/Performing composition/artifacts_expanded/C1_C3_C4/composition_model.pt,clean_mnist_test,sample-weighted-fedavg,9,digit_classification,mnist_image,1x28x28,digit_label,digits_0_9,10,clean_mnist,10000,0.9897,5.744740583000009,5.745057958000004,0.2866249170000117,6.0465617919999985,0.9897,0.9817017518131382,"[0.0982, 0.1133, 0.1044, 0.102, 0.0979, 0.0894, 0.0954, 0.1016, 0.0985, 0.0993]",/Users/deepakkanneganti/Documents/Experimemt 3/MINIST/traditional adaptive composition techniques/profile/weights/size3_C1_C3_C4.pt
size4_C1_C3_C4_C5,C1_C3_C4_C5,4,"[""client_0"", ""client_2"", ""client_3"", ""client_4""]",/Users/deepakkanneganti/Documents/Experimemt 3/MINIST/Performing composition/artifacts_expanded/C1_C3_C4_C5,composition_model.pt,/Users/deepakkanneganti/Documents/Experimemt 3/MINIST/Performing composition/artifacts_expanded/C1_C3_C4_C5/composition_model.pt,clean_mnist_test,sample-weighted-fedavg,9,digit_classification,mnist_image,1x28x28,digit_label,digits_0_9,10,clean_mnist,10000,0.9904,6.077586416000003,6.078048792000004,0.2978161670000077,6.392263,0.9904,0.9816217113754138,"[0.0981, 0.1132, 0.1047, 0.1016, 0.0982, 0.0895, 0.0955, 0.102, 0.0981, 0.0991]",/Users/deepakkanneganti/Documents/Experimemt 3/MINIST/traditional adaptive composition techniques/profile/weights/size4_C1_C3_C4_C5.pt
size3_C1_C3_C5,C1_C3_C5,3,"[""client_0"", ""client_2"", ""client_4""]",/Users/deepakkanneganti/Documents/Experimemt 3/MINIST/Performing composition/artifacts_expanded/C1_C3_C5,composition_model.pt,/Users/deepakkanneganti/Documents/Experimemt 3/MINIST/Performing composition/artifacts_expanded/C1_C3_C5/composition_model.pt,clean_mnist_test,sample-weighted-fedavg,9,digit_classification,mnist_image,1x28x28,digit_label,digits_0_9,10,clean_mnist,10000,0.9906,5.65536075,5.655703625000001,0.26085112500000207,5.9310452080000005,0.9906,0.9834778888552207,"[0.0979, 0.1138, 0.1044, 0.1015, 0.0987, 0.089, 0.0959, 0.1026, 0.0979, 0.0983]",/Users/deepakkanneganti/Documents/Experimemt 3/MINIST/traditional adaptive composition techniques/profile/weights/size3_C1_C3_C5.pt
size2_C1_C4,C1_C4,2,"[""client_0"", ""client_3""]",/Users/deepakkanneganti/Documents/Experimemt 3/MINIST/Performing composition/artifacts_expanded/C1_C4,composition_model.pt,/Users/deepakkanneganti/Documents/Experimemt 3/MINIST/Performing composition/artifacts_expanded/C1_C4/composition_model.pt,clean_mnist_test,sample-weighted-fedavg,9,digit_classification,mnist_image,1x28x28,digit_label,digits_0_9,10,clean_mnist,10000,0.9892,5.484987416999999,5.485299166999994,0.26219083300000534,5.759665458000001,0.9892000000000001,0.9802269734000365,"[0.0983, 0.114, 0.1046, 0.1018, 0.0978, 0.09, 0.0942, 0.1016, 0.0986, 0.0991]",/Users/deepakkanneganti/Documents/Experimemt 3/MINIST/traditional adaptive composition techniques/profile/weights/size2_C1_C4.pt
size3_C1_C4_C5,C1_C4_C5,3,"[""client_0"", ""client_3"", ""client_4""]",/Users/deepakkanneganti/Documents/Experimemt 3/MINIST/Performing composition/artifacts_expanded/C1_C4_C5,composition_model.pt,/Users/deepakkanneganti/Documents/Experimemt 3/MINIST/Performing composition/artifacts_expanded/C1_C4_C5/composition_model.pt,clean_mnist_test,sample-weighted-fedavg,9,digit_classification,mnist_image,1x28x28,digit_label,digits_0_9,10,clean_mnist,10000,0.99,4.959110166000002,4.959685540999999,0.2572114999999968,5.230075333000002,0.9899999999999999,0.9833949896476499,"[0.0983, 0.1137, 0.1042, 0.1016, 0.0981, 0.0899, 0.0948, 0.1027, 0.098, 0.0987]",/Users/deepakkanneganti/Documents/Experimemt 3/MINIST/traditional adaptive composition techniques/profile/weights/size3_C1_C4_C5.pt
size2_C1_C5,C1_C5,2,"[""client_0"", ""client_4""]",/Users/deepakkanneganti/Documents/Experimemt 3/MINIST/Performing composition/artifacts_expanded/C1_C5,composition_model.pt,/Users/deepakkanneganti/Documents/Experimemt 3/MINIST/Performing composition/artifacts_expanded/C1_C5/composition_model.pt,clean_mnist_test,sample-weighted-fedavg,9,digit_classification,mnist_image,1x28x28,digit_label,digits_0_9,10,clean_mnist,10000,0.9897,4.9483259999999945,4.948625290999999,0.2919439580000045,5.250188375000008,0.9896999999999998,0.9834778888552207,"[0.0977, 0.1143, 0.1042, 0.1008, 0.0988, 0.0895, 0.0953, 0.1039, 0.0975, 0.098]",/Users/deepakkanneganti/Documents/Experimemt 3/MINIST/traditional adaptive composition techniques/profile/weights/size2_C1_C5.pt
size1_C2,C2,1,"[""client_1""]",/Users/deepakkanneganti/Documents/Experimemt 3/MINIST/Performing composition/artifacts_expanded/C2,composition_model.pt,/Users/deepakkanneganti/Documents/Experimemt 3/MINIST/Performing composition/artifacts_expanded/C2/composition_model.pt,clean_mnist_test,sample-weighted-fedavg,9,digit_classification,mnist_image,1x28x28,digit_label,digits_0_9,10,clean_mnist,10000,0.9843,5.3007846249999915,5.302119332999993,0.351189749999989,5.676255249999997,0.9843,0.9847540819715923,"[0.0982, 0.1142, 0.107, 0.0992, 0.1007, 0.0907, 0.0943, 0.1034, 0.0955, 0.0968]",/Users/deepakkanneganti/Documents/Experimemt 3/MINIST/traditional adaptive composition techniques/profile/weights/size1_C2.pt
size2_C2_C3,C2_C3,2,"[""client_1"", ""client_2""]",/Users/deepakkanneganti/Documents/Experimemt 3/MINIST/Performing composition/artifacts_expanded/C2_C3,composition_model.pt,/Users/deepakkanneganti/Documents/Experimemt 3/MINIST/Performing composition/artifacts_expanded/C2_C3/composition_model.pt,clean_mnist_test,sample-weighted-fedavg,9,digit_classification,mnist_image,1x28x28,digit_label,digits_0_9,10,clean_mnist,10000,0.9883,5.683763499999998,5.6840914169999905,0.3272215829999965,6.035317625000005,0.9883000000000001,0.9833949896476499,"[0.0975, 0.1131, 0.1055, 0.1011, 0.0995, 0.0893, 0.0968, 0.1015, 0.0977, 0.098]",/Users/deepakkanneganti/Documents/Experimemt 3/MINIST/traditional adaptive composition techniques/profile/weights/size2_C2_C3.pt
size3_C2_C3_C4,C2_C3_C4,3,"[""client_1"", ""client_2"", ""client_3""]",/Users/deepakkanneganti/Documents/Experimemt 3/MINIST/Performing composition/artifacts_expanded/C2_C3_C4,composition_model.pt,/Users/deepakkanneganti/Documents/Experimemt 3/MINIST/Performing composition/artifacts_expanded/C2_C3_C4/composition_model.pt,clean_mnist_test,sample-weighted-fedavg,9,digit_classification,mnist_image,1x28x28,digit_label,digits_0_9,10,clean_mnist,10000,0.9893,6.623418874999999,6.624110541999997,0.32889812499999493,6.978267041999999,0.9893000000000001,0.9817017518131382,"[0.0983, 0.1127, 0.1048, 0.1021, 0.0981, 0.0894, 0.0959, 0.1012, 0.0982, 0.0993]",/Users/deepakkanneganti/Documents/Experimemt 3/MINIST/traditional adaptive composition techniques/profile/weights/size3_C2_C3_C4.pt
size4_C2_C3_C4_C5,C2_C3_C4_C5,4,"[""client_1"", ""client_2"", ""client_3"", ""client_4""]",/Users/deepakkanneganti/Documents/Experimemt 3/MINIST/Performing composition/artifacts_expanded/C2_C3_C4_C5,composition_model.pt,/Users/deepakkanneganti/Documents/Experimemt 3/MINIST/Performing composition/artifacts_expanded/C2_C3_C4_C5/composition_model.pt,clean_mnist_test,sample-weighted-fedavg,9,digit_classification,mnist_image,1x28x28,digit_label,digits_0_9,10,clean_mnist,10000,0.9902,6.8263809169999945,6.826850500000006,0.5299941669999981,7.376946958000005,0.9902,0.9816217113754138,"[0.0983, 0.113, 0.1046, 0.1014, 0.0985, 0.0898, 0.0959, 0.102, 0.0977, 0.0988]",/Users/deepakkanneganti/Documents/Experimemt 3/MINIST/traditional adaptive composition techniques/profile/weights/size4_C2_C3_C4_C5.pt
size3_C2_C3_C5,C2_C3_C5,3,"[""client_1"", ""client_2"", ""client_4""]",/Users/deepakkanneganti/Documents/Experimemt 3/MINIST/Performing composition/artifacts_expanded/C2_C3_C5,composition_model.pt,/Users/deepakkanneganti/Documents/Experimemt 3/MINIST/Performing composition/artifacts_expanded/C2_C3_C5/composition_model.pt,clean_mnist_test,sample-weighted-fedavg,9,digit_classification,mnist_image,1x28x28,digit_label,digits_0_9,10,clean_mnist,10000,0.9889,5.798206250000007,5.798633792000004,0.256128541999999,6.069677916999993,0.9888999999999999,0.9834778888552207,"[0.0977, 0.1136, 0.105, 0.101, 0.0993, 0.0894, 0.0965, 0.1024, 0.0972, 0.0979]",/Users/deepakkanneganti/Documents/Experimemt 3/MINIST/traditional adaptive composition techniques/profile/weights/size3_C2_C3_C5.pt
size2_C2_C4,C2_C4,2,"[""client_1"", ""client_3""]",/Users/deepakkanneganti/Documents/Experimemt 3/MINIST/Performing composition/artifacts_expanded/C2_C4,composition_model.pt,/Users/deepakkanneganti/Documents/Experimemt 3/MINIST/Performing composition/artifacts_expanded/C2_C4/composition_model.pt,clean_mnist_test,sample-weighted-fedavg,9,digit_classification,mnist_image,1x28x28,digit_label,digits_0_9,10,clean_mnist,10000,0.9888,4.665962124999993,4.666208499999982,0.27649933300000384,4.952116041000011,0.9888000000000001,0.9817017518131382,"[0.0984, 0.113, 0.1049, 0.1027, 0.0982, 0.0899, 0.0952, 0.1014, 0.0971, 0.0992]",/Users/deepakkanneganti/Documents/Experimemt 3/MINIST/traditional adaptive composition techniques/profile/weights/size2_C2_C4.pt
size3_C2_C4_C5,C2_C4_C5,3,"[""client_1"", ""client_3"", ""client_4""]",/Users/deepakkanneganti/Documents/Experimemt 3/MINIST/Performing composition/artifacts_expanded/C2_C4_C5,composition_model.pt,/Users/deepakkanneganti/Documents/Experimemt 3/MINIST/Performing composition/artifacts_expanded/C2_C4_C5/composition_model.pt,clean_mnist_test,sample-weighted-fedavg,9,digit_classification,mnist_image,1x28x28,digit_label,digits_0_9,10,clean_mnist,10000,0.9896,4.693135417000008,4.693447459000026,0.26454745799998136,4.975464207999977,0.9895999999999999,0.9816217113754138,"[0.0981, 0.113, 0.1046, 0.1013, 0.0985, 0.0904, 0.0957, 0.1026, 0.0971, 0.0987]",/Users/deepakkanneganti/Documents/Experimemt 3/MINIST/traditional adaptive composition techniques/profile/weights/size3_C2_C4_C5.pt
size2_C2_C5,C2_C5,2,"[""client_1"", ""client_4""]",/Users/deepakkanneganti/Documents/Experimemt 3/MINIST/Performing composition/artifacts_expanded/C2_C5,composition_model.pt,/Users/deepakkanneganti/Documents/Experimemt 3/MINIST/Performing composition/artifacts_expanded/C2_C5/composition_model.pt,clean_mnist_test,sample-weighted-fedavg,9,digit_classification,mnist_image,1x28x28,digit_label,digits_0_9,10,clean_mnist,10000,0.9882,4.851030917000003,4.85142962499998,0.2560760000000073,5.121896249999992,0.9882,0.9834778888552207,"[0.098, 0.1133, 0.1046, 0.1003, 0.0995, 0.0902, 0.0961, 0.1041, 0.0962, 0.0977]",/Users/deepakkanneganti/Documents/Experimemt 3/MINIST/traditional adaptive composition techniques/profile/weights/size2_C2_C5.pt
size1_C3,C3,1,"[""client_2""]",/Users/deepakkanneganti/Documents/Experimemt 3/MINIST/Performing composition/artifacts_expanded/C3,composition_model.pt,/Users/deepakkanneganti/Documents/Experimemt 3/MINIST/Performing composition/artifacts_expanded/C3/composition_model.pt,clean_mnist_test,sample-weighted-fedavg,9,digit_classification,mnist_image,1x28x28,digit_label,digits_0_9,10,clean_mnist,10000,0.9872,4.886818666000011,4.887068207999988,0.2622632499999895,5.162930541999998,0.9872,0.9744737928719452,"[0.0966, 0.1127, 0.1054, 0.1021, 0.0994, 0.0889, 0.0979, 0.1006, 0.0983, 0.0981]",/Users/deepakkanneganti/Documents/Experimemt 3/MINIST/traditional adaptive composition techniques/profile/weights/size1_C3.pt
size2_C3_C4,C3_C4,2,"[""client_2"", ""client_3""]",/Users/deepakkanneganti/Documents/Experimemt 3/MINIST/Performing composition/artifacts_expanded/C3_C4,composition_model.pt,/Users/deepakkanneganti/Documents/Experimemt 3/MINIST/Performing composition/artifacts_expanded/C3_C4/composition_model.pt,clean_mnist_test,sample-weighted-fedavg,9,digit_classification,mnist_image,1x28x28,digit_label,digits_0_9,10,clean_mnist,10000,0.9871,4.5866827090000015,4.586984666999996,0.2647909580000203,4.864386166999992,0.9871000000000001,0.9744737928719452,"[0.0983, 0.1124, 0.1047, 0.1037, 0.0975, 0.0892, 0.0961, 0.1001, 0.0986, 0.0994]",/Users/deepakkanneganti/Documents/Experimemt 3/MINIST/traditional adaptive composition techniques/profile/weights/size2_C3_C4.pt
size3_C3_C4_C5,C3_C4_C5,3,"[""client_2"", ""client_3"", ""client_4""]",/Users/deepakkanneganti/Documents/Experimemt 3/MINIST/Performing composition/artifacts_expanded/C3_C4_C5,composition_model.pt,/Users/deepakkanneganti/Documents/Experimemt 3/MINIST/Performing composition/artifacts_expanded/C3_C4_C5/composition_model.pt,clean_mnist_test,sample-weighted-fedavg,9,digit_classification,mnist_image,1x28x28,digit_label,digits_0_9,10,clean_mnist,10000,0.9897,5.230787415999998,5.231064082999978,0.2678803329999937,5.512698416999996,0.9897,0.9793654020996376,"[0.0983, 0.1126, 0.1042, 0.1018, 0.0982, 0.0895, 0.0964, 0.1019, 0.0979, 0.0992]",/Users/deepakkanneganti/Documents/Experimemt 3/MINIST/traditional adaptive composition techniques/profile/weights/size3_C3_C4_C5.pt
size2_C3_C5,C3_C5,2,"[""client_2"", ""client_4""]",/Users/deepakkanneganti/Documents/Experimemt 3/MINIST/Performing composition/artifacts_expanded/C3_C5,composition_model.pt,/Users/deepakkanneganti/Documents/Experimemt 3/MINIST/Performing composition/artifacts_expanded/C3_C5/composition_model.pt,clean_mnist_test,sample-weighted-fedavg,9,digit_classification,mnist_image,1x28x28,digit_label,digits_0_9,10,clean_mnist,10000,0.9886,4.743461209000003,4.743930625000019,0.27533637499999486,5.031335041999995,0.9886000000000001,0.9816217113754138,"[0.0977, 0.113, 0.1043, 0.1016, 0.0992, 0.0894, 0.097, 0.1024, 0.0974, 0.098]",/Users/deepakkanneganti/Documents/Experimemt 3/MINIST/traditional adaptive composition techniques/profile/weights/size2_C3_C5.pt
size1_C4,C4,1,"[""client_3""]",/Users/deepakkanneganti/Documents/Experimemt 3/MINIST/Performing composition/artifacts_expanded/C4,composition_model.pt,/Users/deepakkanneganti/Documents/Experimemt 3/MINIST/Performing composition/artifacts_expanded/C4/composition_model.pt,clean_mnist_test,sample-weighted-fedavg,9,digit_classification,mnist_image,1x28x28,digit_label,digits_0_9,10,clean_mnist,10000,0.9779,4.699641791000005,4.699887832999991,0.25581970900000783,4.967782415999977,0.9779,0.9785537725715294,"[0.0984, 0.1128, 0.1029, 0.1106, 0.0967, 0.0898, 0.0956, 0.097, 0.0962, 0.1]",/Users/deepakkanneganti/Documents/Experimemt 3/MINIST/traditional adaptive composition techniques/profile/weights/size1_C4.pt
size2_C4_C5,C4_C5,2,"[""client_3"", ""client_4""]",/Users/deepakkanneganti/Documents/Experimemt 3/MINIST/Performing composition/artifacts_expanded/C4_C5,composition_model.pt,/Users/deepakkanneganti/Documents/Experimemt 3/MINIST/Performing composition/artifacts_expanded/C4_C5/composition_model.pt,clean_mnist_test,sample-weighted-fedavg,9,digit_classification,mnist_image,1x28x28,digit_label,digits_0_9,10,clean_mnist,10000,0.989,5.178632582999995,5.179091416999995,0.32989266699999575,5.526164625000007,0.9889999999999999,0.979575279530255,"[0.0982, 0.1128, 0.104, 0.1016, 0.0978, 0.0902, 0.0958, 0.1026, 0.0975, 0.0995]",/Users/deepakkanneganti/Documents/Experimemt 3/MINIST/traditional adaptive composition techniques/profile/weights/size2_C4_C5.pt
size1_C5,C5,1,"[""client_4""]",/Users/deepakkanneganti/Documents/Experimemt 3/MINIST/Performing composition/artifacts_expanded/C5,composition_model.pt,/Users/deepakkanneganti/Documents/Experimemt 3/MINIST/Performing composition/artifacts_expanded/C5/composition_model.pt,clean_mnist_test,sample-weighted-fedavg,9,digit_classification,mnist_image,1x28x28,digit_label,digits_0_9,10,clean_mnist,10000,0.9868,7.331302749999992,7.334457915999991,1.10282354200001,8.46064312499999,0.9868,0.9834778888552207,"[0.0975, 0.113, 0.1052, 0.1008, 0.0991, 0.0891, 0.097, 0.1048, 0.0961, 0.0974]",/Users/deepakkanneganti/Documents/Experimemt 3/MINIST/traditional adaptive composition techniques/profile/weights/size1_C5.pt
