tta_method,case,performing_clients,performing_length,tta_client,tta_corruption,clean_samples,corruption_samples,initial_mixed_accuracy,protected_v2_mixed_accuracy,protected_v2_gain_vs_initial_mixed,model_pref_tta_weight,bn_pref_tta_weight,sum_pref_tta_weight
tent,perf_1_plus_0_on_brightness,client_1,1,client_0,brightness,50,50,0.66,0.67,0.010000000000000009,4.55042347391282e-05,0.030894658292921432,0.03094016252766056
tent,perf_1_4_plus_0_on_brightness,"client_1,client_4",2,client_0,brightness,50,50,0.66,0.67,0.010000000000000009,0.00014955963193031698,0.05456549085762667,0.054715050489556986
tent,perf_2_4_plus_0_on_brightness,"client_2,client_4",2,client_0,brightness,50,50,0.64,0.65,0.010000000000000009,0.0001247931020937434,0.04941338669721249,0.049538179799306234
tent,perf_3_4_plus_0_on_brightness,"client_3,client_4",2,client_0,brightness,50,50,0.62,0.63,0.010000000000000009,0.00013586094995780718,0.049139175487977076,0.049275036437934884
tent,perf_1_2_plus_0_on_glass_blur,"client_1,client_2",2,client_0,glass_blur,50,50,0.91,0.92,0.010000000000000009,0.00013167685145582228,0.036237062280493074,0.03636873913194889
tent,perf_1_plus_0_on_stripe,client_1,1,client_0,stripe,50,50,0.92,0.94,0.019999999999999907,4.55042347391282e-05,0.030591155729438498,0.030636659964177627
tent,perf_3_plus_0_on_stripe,client_3,1,client_0,stripe,50,50,0.94,0.95,0.010000000000000009,2.9095285933283444e-05,0.031609191286804186,0.03163828657273747
tent,perf_1_3_plus_0_on_stripe,"client_1,client_3",2,client_0,stripe,50,50,0.94,0.95,0.010000000000000009,0.0001433463583450982,0.047507992974603196,0.047651339332948295
tent,perf_1_plus_0_on_zigzag,client_1,1,client_0,zigzag,50,50,0.9,0.91,0.010000000000000009,4.55042347391282e-05,0.03218841719830295,0.03223392143304207
tent,perf_2_3_plus_0_on_zigzag,"client_2,client_3",2,client_0,zigzag,50,50,0.9,0.91,0.010000000000000009,0.0001126535541699376,0.0418597618380125,0.04197241539218244
tent,perf_0_plus_1_on_glass_blur,client_0,1,client_1,glass_blur,50,50,0.91,0.92,0.010000000000000009,4.55042347391282e-05,0.02240650606111307,0.0224520102958522
tent,perf_4_plus_1_on_glass_blur,client_4,1,client_1,glass_blur,50,50,0.9,0.92,0.020000000000000018,4.552402718002308e-05,0.015261128306222083,0.015306652333402107
tent,perf_0_2_plus_1_on_glass_blur,"client_0,client_2",2,client_1,glass_blur,50,50,0.91,0.92,0.010000000000000009,0.00014978484269922965,0.03937487396144517,0.0395246588041444
tent,perf_0_4_plus_1_on_glass_blur,"client_0,client_4",2,client_1,glass_blur,50,50,0.91,0.93,0.020000000000000018,0.00018734779659409378,0.024716838195310342,0.024904185991904436
tent,perf_2_4_plus_1_on_glass_blur,"client_2,client_4",2,client_1,glass_blur,50,50,0.91,0.92,0.010000000000000009,0.00015755070432988227,0.033583237755375334,0.03374078845970522
tent,perf_4_plus_1_on_stripe,client_4,1,client_1,stripe,50,50,0.91,0.92,0.010000000000000009,4.552402718002308e-05,0.012291341588076593,0.012336865615256617
tent,perf_0_4_plus_1_on_stripe,"client_0,client_4",2,client_1,stripe,50,50,0.92,0.93,0.010000000000000009,0.00018734779659409378,0.019320206679463443,0.019507554476057537
tent,perf_2_4_plus_1_on_stripe,"client_2,client_4",2,client_1,stripe,50,50,0.93,0.94,0.009999999999999898,0.00015755070432988227,0.026044424395445864,0.026201975099775746
tent,perf_0_4_plus_1_on_zigzag,"client_0,client_4",2,client_1,zigzag,50,50,0.91,0.92,0.010000000000000009,0.00018734779659409378,0.028868501189625473,0.029055848986219567
tent,perf_1_plus_2_on_brightness,client_1,1,client_2,brightness,50,50,0.64,0.67,0.030000000000000027,2.37976303668143e-05,0.037079325922164695,0.03710312355253151
tent,perf_4_plus_2_on_brightness,client_4,1,client_2,brightness,50,50,0.66,0.68,0.020000000000000018,1.7546562480111453e-05,0.016347288345410712,0.016364834907890823
tent,perf_0_1_plus_2_on_brightness,"client_0,client_1",2,client_2,brightness,50,50,0.64,0.66,0.020000000000000018,7.63553009279341e-05,0.039746647938619095,0.03982300323954703
tent,perf_0_4_plus_2_on_brightness,"client_0,client_4",2,client_2,brightness,50,50,0.64,0.66,0.020000000000000018,6.879993014095684e-05,0.024883711400171652,0.024952511330312607
tent,perf_1_3_plus_2_on_brightness,"client_1,client_3",2,client_2,brightness,50,50,0.62,0.64,0.020000000000000018,7.32836257623124e-05,0.046860556776080434,0.046933840401842744
tent,perf_1_4_plus_2_on_brightness,"client_1,client_4",2,client_2,brightness,50,50,0.66,0.68,0.020000000000000018,6.958817105396735e-05,0.03807114677240925,0.03814073494346321
tent,perf_0_1_3_plus_2_on_brightness,"client_0,client_1,client_3",3,client_2,brightness,50,50,0.62,0.64,0.020000000000000018,0.00011789187978229591,0.04473152725794269,0.044849419137724986
tent,perf_1_3_4_plus_2_on_brightness,"client_1,client_3,client_4",3,client_2,brightness,50,50,0.64,0.66,0.020000000000000018,0.00011206331562803798,0.04230512140179677,0.04241718471742481
tent,perf_0_1_3_4_plus_2_on_brightness,"client_0,client_1,client_3,client_4",4,client_2,brightness,50,50,0.64,0.66,0.020000000000000018,0.00014516133154193745,0.04141419325511268,0.04155935458665462
tent,perf_0_4_plus_2_on_glass_blur,"client_0,client_4",2,client_2,glass_blur,50,50,0.92,0.93,0.010000000000000009,6.879993014095684e-05,0.019516999009088713,0.019585798939229668
tent,perf_1_3_plus_2_on_glass_blur,"client_1,client_3",2,client_2,glass_blur,50,50,0.93,0.94,0.009999999999999898,7.32836257623124e-05,0.03519345976320399,0.0352667433889663
tent,perf_0_3_4_plus_2_on_glass_blur,"client_0,client_3,client_4",3,client_2,glass_blur,50,50,0.93,0.94,0.009999999999999898,0.00011231900088131322,0.024300493957508513,0.024412812958389825
tent,perf_1_3_4_plus_2_on_glass_blur,"client_1,client_3,client_4",3,client_2,glass_blur,50,50,0.93,0.94,0.009999999999999898,0.00011206331562803798,0.03193653037077913,0.03204859368640717
tent,perf_0_1_3_4_plus_2_on_glass_blur,"client_0,client_1,client_3,client_4",4,client_2,glass_blur,50,50,0.93,0.94,0.009999999999999898,0.00014516133154193745,0.03140590345435173,0.031551064785893666
tent,perf_3_plus_2_on_stripe,client_3,1,client_2,stripe,50,50,0.93,0.95,0.019999999999999907,1.718796481322614e-05,0.01864390977773239,0.018661097742545617
tent,perf_1_3_plus_2_on_stripe,"client_1,client_3",2,client_2,stripe,50,50,0.94,0.95,0.010000000000000009,7.32836257623124e-05,0.03221522844922083,0.03228851207498314
tent,perf_1_plus_2_on_zigzag,client_1,1,client_2,zigzag,50,50,0.9,0.91,0.010000000000000009,2.37976303668143e-05,0.04074621287919995,0.040770010509566766
tent,perf_4_plus_2_on_zigzag,client_4,1,client_2,zigzag,50,50,0.88,0.89,0.010000000000000009,1.7546562480111453e-05,0.01725035081660972,0.01726789737908983
tent,perf_0_4_plus_2_on_zigzag,"client_0,client_4",2,client_2,zigzag,50,50,0.9,0.92,0.020000000000000018,6.879993014095684e-05,0.026560879608154456,0.02662967953829541
tent,perf_1_3_plus_2_on_zigzag,"client_1,client_3",2,client_2,zigzag,50,50,0.9,0.91,0.010000000000000009,7.32836257623124e-05,0.05111945409275396,0.05119273771851627
tent,perf_1_4_plus_2_on_zigzag,"client_1,client_4",2,client_2,zigzag,50,50,0.9,0.91,0.010000000000000009,6.958817105396735e-05,0.04128110099307766,0.04135068916413163
tent,perf_0_1_3_plus_2_on_zigzag,"client_0,client_1,client_3",3,client_2,zigzag,50,50,0.9,0.91,0.010000000000000009,0.00011789187978229591,0.048699530505567384,0.04881742238534968
tent,perf_1_3_4_plus_2_on_zigzag,"client_1,client_3,client_4",3,client_2,zigzag,50,50,0.9,0.91,0.010000000000000009,0.00011206331562803798,0.04579315592051398,0.04590521923614202
tent,perf_0_1_3_4_plus_2_on_zigzag,"client_0,client_1,client_3,client_4",4,client_2,zigzag,50,50,0.9,0.91,0.010000000000000009,0.00014516133154193745,0.044837966350883794,0.04498312768242573
tent,perf_0_plus_3_on_brightness,client_0,1,client_3,brightness,50,50,0.6,0.64,0.040000000000000036,2.9095285933283444e-05,0.028659943347126633,0.028689038633059917
tent,perf_1_plus_3_on_brightness,client_1,1,client_3,brightness,50,50,0.63,0.67,0.040000000000000036,3.5808911043040873e-05,0.023718515346117075,0.023754324257160116
tent,perf_2_plus_3_on_brightness,client_2,1,client_3,brightness,50,50,0.59,0.62,0.030000000000000027,1.718796481322614e-05,0.027110636777033206,0.027127824741846433
tent,perf_4_plus_3_on_brightness,client_4,1,client_3,brightness,50,50,0.63,0.68,0.050000000000000044,2.6041978625172744e-05,0.028107451520476487,0.02813349349910166
tent,perf_0_1_plus_3_on_brightness,"client_0,client_1",2,client_3,brightness,50,50,0.64,0.65,0.010000000000000009,0.00011700042788472369,0.03718316373137423,0.03730016415925896
tent,perf_0_2_plus_3_on_brightness,"client_0,client_2",2,client_3,brightness,50,50,0.6,0.62,0.020000000000000018,9.571765026945278e-05,0.04251386383602569,0.042609581486295144
tent,perf_0_4_plus_3_on_brightness,"client_0,client_4",2,client_3,brightness,50,50,0.62,0.66,0.040000000000000036,0.00010479589736835736,0.039516857494420736,0.039621653391789094
tent,perf_1_2_plus_3_on_brightness,"client_1,client_2",2,client_3,brightness,50,50,0.62,0.64,0.020000000000000018,0.00010318689937957428,0.03289801658775145,0.03300120348713102
tent,perf_1_4_plus_3_on_brightness,"client_1,client_4",2,client_3,brightness,50,50,0.66,0.68,0.020000000000000018,0.00010972851309463825,0.04111119590178762,0.04122092441488226
tent,perf_2_4_plus_3_on_brightness,"client_2,client_4",2,client_3,brightness,50,50,0.63,0.66,0.030000000000000027,9.427796089954778e-05,0.04524358651333587,0.04533786447423542
tent,perf_0_1_2_plus_3_on_brightness,"client_0,client_1,client_2",3,client_3,brightness,50,50,0.62,0.64,0.020000000000000018,0.00017540321839343395,0.042135141604218426,0.04231054482261186
tent,perf_0_2_4_plus_3_on_brightness,"client_0,client_2,client_4",3,client_3,brightness,50,50,0.62,0.64,0.020000000000000018,0.0001665706368959026,0.049198084503373325,0.04936465514026923
tent,perf_1_2_4_plus_3_on_brightness,"client_1,client_2,client_4",3,client_3,brightness,50,50,0.64,0.66,0.020000000000000018,0.00017155404471081348,0.04547102202906619,0.045642576073777
tent,perf_0_1_2_4_plus_3_on_brightness,"client_0,client_1,client_2,client_4",4,client_3,brightness,50,50,0.64,0.66,0.020000000000000018,0.00022556684760611031,0.04873868974690673,0.048964256594512846
tent,perf_0_2_plus_3_on_stripe,"client_0,client_2",2,client_3,stripe,50,50,0.94,0.95,0.010000000000000009,9.571765026945278e-05,0.022653659834699004,0.022749377484968455
tent,perf_2_4_plus_3_on_stripe,"client_2,client_4",2,client_3,stripe,50,50,0.93,0.94,0.009999999999999898,9.427796089954778e-05,0.023876423572418332,0.02397070153331788
tent,perf_0_1_2_plus_3_on_stripe,"client_0,client_1,client_2",3,client_3,stripe,50,50,0.94,0.95,0.010000000000000009,0.00017540321839343395,0.02242145341248525,0.022596856630878685
tent,perf_0_4_plus_3_on_zigzag,"client_0,client_4",2,client_3,zigzag,50,50,0.89,0.92,0.030000000000000027,0.00010479589736835736,0.038530527706173164,0.03863532360354152
tent,perf_1_4_plus_3_on_zigzag,"client_1,client_4",2,client_3,zigzag,50,50,0.9,0.91,0.010000000000000009,0.00010972851309463825,0.04024425088923354,0.04035397940232818
tent,perf_0_1_2_plus_3_on_zigzag,"client_0,client_1,client_2",3,client_3,zigzag,50,50,0.9,0.91,0.010000000000000009,0.00017540321839343395,0.04115085562767962,0.04132625884607305
tent,perf_0_1_2_4_plus_3_on_zigzag,"client_0,client_1,client_2,client_4",4,client_3,zigzag,50,50,0.9,0.91,0.010000000000000009,0.00022556684760611031,0.047493064445909755,0.04771863129351587
tent,perf_1_2_plus_4_on_glass_blur,"client_1,client_2",2,client_4,glass_blur,50,50,0.91,0.93,0.020000000000000018,0.00011937844897474902,0.0192453486939756,0.01936472714295035
tent,perf_0_2_3_plus_4_on_glass_blur,"client_0,client_2,client_3",3,client_4,glass_blur,50,50,0.93,0.94,0.009999999999999898,0.00018641426190008136,0.032749189929047864,0.032935604190947945
tent,perf_0_1_2_3_plus_4_on_glass_blur,"client_0,client_1,client_2,client_3",4,client_4,glass_blur,50,50,0.93,0.94,0.009999999999999898,0.00026833851716167,0.03183954365184216,0.03210788216900383
tent,perf_1_plus_4_on_stripe,client_1,1,client_4,stripe,50,50,0.91,0.94,0.029999999999999916,4.552402718002308e-05,0.0097518215907267,0.009797345617906723
tent,perf_3_plus_4_on_stripe,client_3,1,client_4,stripe,50,50,0.93,0.95,0.019999999999999907,2.6041978625172744e-05,0.014139340069829509,0.014165382048454682
tent,perf_1_2_plus_4_on_stripe,"client_1,client_2",2,client_4,stripe,50,50,0.93,0.94,0.009999999999999898,0.00011937844897474902,0.011577248417080575,0.011696626866055325
tent,perf_1_3_plus_4_on_stripe,"client_1,client_3",2,client_4,stripe,50,50,0.94,0.96,0.020000000000000018,0.00013428972401116545,0.016235832125990116,0.016370121850001283
tent,perf_0_3_plus_4_on_zigzag,"client_0,client_3",2,client_4,zigzag,50,50,0.89,0.9,0.010000000000000009,0.00012323935755005256,0.03987232303322158,0.03999556239077163
tent,perf_1_3_plus_4_on_zigzag,"client_1,client_3",2,client_4,zigzag,50,50,0.9,0.91,0.010000000000000009,0.00013428972401116545,0.03210640407052083,0.032240693794532
tta_bn,perf_1_plus_0_on_brightness,client_1,1,client_0,brightness,50,50,0.66,0.67,0.010000000000000009,4.55042347391282e-05,6.671201714768975e-07,4.617135491060509e-05
tta_bn,perf_1_4_plus_0_on_brightness,"client_1,client_4",2,client_0,brightness,50,50,0.66,0.68,0.020000000000000018,0.00014955963193031698,7.540452882808339e-07,0.0001503136772185978
tta_bn,perf_2_4_plus_0_on_brightness,"client_2,client_4",2,client_0,brightness,50,50,0.64,0.66,0.020000000000000018,0.0001247931020937434,6.176841957302978e-07,0.0001254107862894737
tta_bn,perf_3_4_plus_0_on_brightness,"client_3,client_4",2,client_0,brightness,50,50,0.62,0.63,0.010000000000000009,0.00013586094995780718,6.822328834833403e-07,0.0001365431828412905
tta_bn,perf_2_3_4_plus_0_on_brightness,"client_2,client_3,client_4",3,client_0,brightness,50,50,0.62,0.63,0.010000000000000009,0.00021723723744227155,6.362586122030719e-07,0.00021787349605447462
tta_bn,perf_1_2_plus_0_on_glass_blur,"client_1,client_2",2,client_0,glass_blur,50,50,0.91,0.93,0.020000000000000018,0.00013167685145582228,0.003727251975203586,0.003858928826659408
tta_bn,perf_1_plus_0_on_stripe,client_1,1,client_0,stripe,50,50,0.92,0.94,0.019999999999999907,4.55042347391282e-05,2.4152556704147428e-08,4.552838729583234e-05
tta_bn,perf_3_plus_0_on_stripe,client_3,1,client_0,stripe,50,50,0.94,0.95,0.010000000000000009,2.9095285933283444e-05,4.9558772405607875e-08,2.914484470568905e-05
tta_bn,perf_1_3_plus_0_on_stripe,"client_1,client_3",2,client_0,stripe,50,50,0.94,0.96,0.020000000000000018,0.0001433463583450982,3.7442616493117505e-08,0.00014338380096159132
tta_bn,perf_1_plus_0_on_zigzag,client_1,1,client_0,zigzag,50,50,0.9,0.91,0.010000000000000009,4.55042347391282e-05,0.0005725010382346286,0.0006180052729737568
tta_bn,perf_2_3_4_plus_0_on_zigzag,"client_2,client_3,client_4",3,client_0,zigzag,50,50,0.9,0.91,0.010000000000000009,0.00021723723744227155,0.0014541542131668325,0.001671391450609104
tta_bn,perf_0_4_plus_1_on_brightness,"client_0,client_4",2,client_1,brightness,50,50,0.66,0.67,0.010000000000000009,0.00018734779659409378,2.9261937791335686e-06,0.00019027399037322736
tta_bn,perf_0_plus_1_on_glass_blur,client_0,1,client_1,glass_blur,50,50,0.91,0.92,0.010000000000000009,4.55042347391282e-05,0.002402999293226758,0.002448503527965886
tta_bn,perf_4_plus_1_on_glass_blur,client_4,1,client_1,glass_blur,50,50,0.9,0.92,0.020000000000000018,4.552402718002308e-05,0.0014696507159902587,0.0015151747431702818
tta_bn,perf_0_2_plus_1_on_glass_blur,"client_0,client_2",2,client_1,glass_blur,50,50,0.91,0.92,0.010000000000000009,0.00014978484269922965,0.0025475077216897957,0.0026972925643890255
tta_bn,perf_0_4_plus_1_on_glass_blur,"client_0,client_4",2,client_1,glass_blur,50,50,0.91,0.93,0.020000000000000018,0.00018734779659409378,0.0022520508861192104,0.002439398682713304
tta_bn,perf_2_4_plus_1_on_glass_blur,"client_2,client_4",2,client_1,glass_blur,50,50,0.91,0.92,0.010000000000000009,0.00015755070432988227,0.002054708325345034,0.0022122590296749164
tta_bn,perf_4_plus_1_on_stripe,client_4,1,client_1,stripe,50,50,0.91,0.92,0.010000000000000009,4.552402718002308e-05,1.2901436274595496e-06,4.681417080748263e-05
tta_bn,perf_0_4_plus_1_on_stripe,"client_0,client_4",2,client_1,stripe,50,50,0.92,0.93,0.010000000000000009,0.00018734779659409378,1.3688251691397967e-06,0.00018871662176323358
tta_bn,perf_2_4_plus_1_on_stripe,"client_2,client_4",2,client_1,stripe,50,50,0.93,0.94,0.009999999999999898,0.00015755070432988227,1.318152580613235e-06,0.0001588688569104955
tta_bn,perf_0_4_plus_1_on_zigzag,"client_0,client_4",2,client_1,zigzag,50,50,0.91,0.92,0.010000000000000009,0.00018734779659409378,0.010707169957951118,0.010894517754545212
tta_bn,perf_1_plus_2_on_brightness,client_1,1,client_2,brightness,50,50,0.64,0.67,0.030000000000000027,2.37976303668143e-05,1.453211260034294e-06,2.5250841626848594e-05
tta_bn,perf_4_plus_2_on_brightness,client_4,1,client_2,brightness,50,50,0.66,0.67,0.010000000000000009,1.7546562480111453e-05,1.0139578940464004e-06,1.8560520374157852e-05
tta_bn,perf_0_1_plus_2_on_brightness,"client_0,client_1",2,client_2,brightness,50,50,0.64,0.66,0.020000000000000018,7.63553009279341e-05,1.3407401625342014e-06,7.76960410904683e-05
tta_bn,perf_0_4_plus_2_on_brightness,"client_0,client_4",2,client_2,brightness,50,50,0.64,0.67,0.030000000000000027,6.879993014095684e-05,1.1106440240089364e-06,6.991057416496578e-05
tta_bn,perf_1_3_plus_2_on_brightness,"client_1,client_3",2,client_2,brightness,50,50,0.62,0.63,0.010000000000000009,7.32836257623124e-05,1.3957827449467399e-06,7.467940850725914e-05
tta_bn,perf_1_4_plus_2_on_brightness,"client_1,client_4",2,client_2,brightness,50,50,0.66,0.68,0.020000000000000018,6.958817105396735e-05,1.3676546526617162e-06,7.095582570662906e-05
tta_bn,perf_0_1_3_plus_2_on_brightness,"client_0,client_1,client_3",3,client_2,brightness,50,50,0.62,0.64,0.020000000000000018,0.00011789187978229591,1.336025240934137e-06,0.00011922790502323005
tta_bn,perf_1_3_4_plus_2_on_brightness,"client_1,client_3,client_4",3,client_2,brightness,50,50,0.64,0.66,0.020000000000000018,0.00011206331562803798,1.3454101779097412e-06,0.00011340872580594771
tta_bn,perf_0_1_3_4_plus_2_on_brightness,"client_0,client_1,client_3,client_4",4,client_2,brightness,50,50,0.64,0.66,0.020000000000000018,0.00014516133154193745,1.3101167612960593e-06,0.0001464714483032335
tta_bn,perf_0_4_plus_2_on_glass_blur,"client_0,client_4",2,client_2,glass_blur,50,50,0.92,0.93,0.010000000000000009,6.879993014095684e-05,0.002913413543600665,0.002982213473741622
tta_bn,perf_1_3_plus_2_on_glass_blur,"client_1,client_3",2,client_2,glass_blur,50,50,0.93,0.94,0.009999999999999898,7.32836257623124e-05,0.0038911263589521683,0.00396440998471448
tta_bn,perf_1_3_4_plus_2_on_glass_blur,"client_1,client_3,client_4",3,client_2,glass_blur,50,50,0.93,0.94,0.009999999999999898,0.00011206331562803798,0.003569150377259399,0.003681213692887437
tta_bn,perf_0_1_3_4_plus_2_on_glass_blur,"client_0,client_1,client_3,client_4",4,client_2,glass_blur,50,50,0.93,0.94,0.009999999999999898,0.00014516133154193745,0.003802467156134907,0.003947628487676844
tta_bn,perf_3_plus_2_on_stripe,client_3,1,client_2,stripe,50,50,0.93,0.95,0.019999999999999907,1.718796481322614e-05,5.483229137306192e-07,1.773628772695676e-05
tta_bn,perf_1_3_plus_2_on_stripe,"client_1,client_3",2,client_2,stripe,50,50,0.94,0.96,0.020000000000000018,7.32836257623124e-05,4.63670955800858e-07,7.374729671811327e-05
tta_bn,perf_1_plus_2_on_zigzag,client_1,1,client_2,zigzag,50,50,0.9,0.91,0.010000000000000009,2.37976303668143e-05,0.007860312971685452,0.007884110602052267
tta_bn,perf_0_4_plus_2_on_zigzag,"client_0,client_4",2,client_2,zigzag,50,50,0.9,0.91,0.010000000000000009,6.879993014095684e-05,0.007113583923692488,0.007182383853833445
tta_bn,perf_1_3_plus_2_on_zigzag,"client_1,client_3",2,client_2,zigzag,50,50,0.9,0.91,0.010000000000000009,7.32836257623124e-05,0.01201041671274061,0.012083700338502923
tta_bn,perf_1_4_plus_2_on_zigzag,"client_1,client_4",2,client_2,zigzag,50,50,0.9,0.91,0.010000000000000009,6.958817105396735e-05,0.009064703977142334,0.009134292148196301
tta_bn,perf_0_1_3_plus_2_on_zigzag,"client_0,client_1,client_3",3,client_2,zigzag,50,50,0.9,0.91,0.010000000000000009,0.00011789187978229591,0.011165630668098746,0.011283522547881042
tta_bn,perf_0_1_3_4_plus_2_on_zigzag,"client_0,client_1,client_3,client_4",4,client_2,zigzag,50,50,0.9,0.91,0.010000000000000009,0.00014516133154193745,0.010662712068757503,0.01080787340029944
tta_bn,perf_0_plus_3_on_brightness,client_0,1,client_3,brightness,50,50,0.6,0.62,0.020000000000000018,2.9095285933283444e-05,1.8432268820274471e-06,3.0938512815310894e-05
tta_bn,perf_1_plus_3_on_brightness,client_1,1,client_3,brightness,50,50,0.63,0.67,0.040000000000000036,3.5808911043040873e-05,2.3001400066841306e-06,3.8109051049725005e-05
tta_bn,perf_2_plus_3_on_brightness,client_2,1,client_3,brightness,50,50,0.59,0.61,0.020000000000000018,1.718796481322614e-05,1.4115680043626952e-06,1.8599532817588836e-05
tta_bn,perf_4_plus_3_on_brightness,client_4,1,client_3,brightness,50,50,0.63,0.67,0.040000000000000036,2.6041978625172744e-05,1.983257721140067e-06,2.802523634631281e-05
tta_bn,perf_0_1_plus_3_on_brightness,"client_0,client_1",2,client_3,brightness,50,50,0.64,0.66,0.020000000000000018,0.00011700042788472369,2.267455417503333e-06,0.00011926788330222702
tta_bn,perf_0_2_plus_3_on_brightness,"client_0,client_2",2,client_3,brightness,50,50,0.6,0.62,0.020000000000000018,9.571765026945278e-05,1.798942723107442e-06,9.751659299256023e-05
tta_bn,perf_0_4_plus_3_on_brightness,"client_0,client_4",2,client_3,brightness,50,50,0.62,0.67,0.050000000000000044,0.00010479589736835736,2.0871895777610564e-06,0.00010688308694611841
tta_bn,perf_1_2_plus_3_on_brightness,"client_1,client_2",2,client_3,brightness,50,50,0.62,0.64,0.020000000000000018,0.00010318689937957428,1.9312521081750702e-06,0.00010511815148774935
tta_bn,perf_1_4_plus_3_on_brightness,"client_1,client_4",2,client_3,brightness,50,50,0.66,0.68,0.020000000000000018,0.00010972851309463825,2.4214955854795973e-06,0.00011215000868011784
tta_bn,perf_2_4_plus_3_on_brightness,"client_2,client_4",2,client_3,brightness,50,50,0.63,0.66,0.030000000000000027,9.427796089954778e-05,1.8995040434923753e-06,9.617746494304015e-05
tta_bn,perf_0_1_2_plus_3_on_brightness,"client_0,client_1,client_2",3,client_3,brightness,50,50,0.62,0.64,0.020000000000000018,0.00017540321839343395,2.0518015127600875e-06,0.00017745501990619404
tta_bn,perf_0_2_4_plus_3_on_brightness,"client_0,client_2,client_4",3,client_3,brightness,50,50,0.62,0.64,0.020000000000000018,0.0001665706368959026,1.9959246581948067e-06,0.00016856656155409742
tta_bn,perf_1_2_4_plus_3_on_brightness,"client_1,client_2,client_4",3,client_3,brightness,50,50,0.64,0.66,0.020000000000000018,0.00017155404471081348,2.1466325355551736e-06,0.00017370067724636865
tta_bn,perf_0_1_2_4_plus_3_on_brightness,"client_0,client_1,client_2,client_4",4,client_3,brightness,50,50,0.64,0.66,0.020000000000000018,0.00022556684760611031,2.1651675029106236e-06,0.00022773201510902093
tta_bn,perf_0_2_plus_3_on_stripe,"client_0,client_2",2,client_3,stripe,50,50,0.94,0.95,0.010000000000000009,9.571765026945278e-05,1.401773683474132e-06,9.711942395292691e-05
tta_bn,perf_2_4_plus_3_on_stripe,"client_2,client_4",2,client_3,stripe,50,50,0.93,0.94,0.009999999999999898,9.427796089954778e-05,1.5343830785980054e-06,9.581234397814578e-05
tta_bn,perf_0_1_2_plus_3_on_stripe,"client_0,client_1,client_2",3,client_3,stripe,50,50,0.94,0.95,0.010000000000000009,0.00017540321839343395,1.322146161304453e-06,0.00017672536455473842
tta_bn,perf_0_2_4_plus_3_on_stripe,"client_0,client_2,client_4",3,client_3,stripe,50,50,0.94,0.95,0.010000000000000009,0.0001665706368959026,1.5844851664670961e-06,0.0001681551220623697
tta_bn,perf_0_1_2_4_plus_3_on_stripe,"client_0,client_1,client_2,client_4",4,client_3,stripe,50,50,0.94,0.95,0.010000000000000009,0.00022556684760611031,1.4820767181505442e-06,0.00022704892432426086
tta_bn,perf_0_4_plus_3_on_zigzag,"client_0,client_4",2,client_3,zigzag,50,50,0.89,0.92,0.030000000000000027,0.00010479589736835736,0.014907945747048658,0.015012741644417016
tta_bn,perf_1_4_plus_3_on_zigzag,"client_1,client_4",2,client_3,zigzag,50,50,0.9,0.91,0.010000000000000009,0.00010972851309463825,0.016078657141330194,0.016188385654424833
tta_bn,perf_0_1_2_plus_3_on_zigzag,"client_0,client_1,client_2",3,client_3,zigzag,50,50,0.9,0.91,0.010000000000000009,0.00017540321839343395,0.017202728851425615,0.017378132069819047
tta_bn,perf_0_1_2_4_plus_3_on_zigzag,"client_0,client_1,client_2,client_4",4,client_3,zigzag,50,50,0.9,0.91,0.010000000000000009,0.00022556684760611031,0.019395409665963415,0.019620976513569525
tta_bn,perf_1_2_plus_4_on_glass_blur,"client_1,client_2",2,client_4,glass_blur,50,50,0.91,0.93,0.020000000000000018,0.00011937844897474902,0.0017665235519345641,0.001885902000909313
tta_bn,perf_0_2_3_plus_4_on_glass_blur,"client_0,client_2,client_3",3,client_4,glass_blur,50,50,0.93,0.94,0.009999999999999898,0.00018641426190008136,0.0022053501939062444,0.0023917644558063256
tta_bn,perf_0_1_2_3_plus_4_on_glass_blur,"client_0,client_1,client_2,client_3",4,client_4,glass_blur,50,50,0.93,0.94,0.009999999999999898,0.00026833851716167,0.0023884190027590726,0.002656757519920743
tta_bn,perf_1_plus_4_on_stripe,client_1,1,client_4,stripe,50,50,0.91,0.94,0.029999999999999916,4.552402718002308e-05,3.784300009007781e-07,4.590245718092386e-05
tta_bn,perf_3_plus_4_on_stripe,client_3,1,client_4,stripe,50,50,0.93,0.95,0.019999999999999907,2.6041978625172744e-05,9.032686788613437e-07,2.6945247304034087e-05
tta_bn,perf_1_2_plus_4_on_stripe,"client_1,client_2",2,client_4,stripe,50,50,0.93,0.94,0.009999999999999898,0.00011937844897474902,4.313562684871876e-07,0.0001198098052432362
tta_bn,perf_1_3_plus_4_on_stripe,"client_1,client_3",2,client_4,stripe,50,50,0.94,0.96,0.020000000000000018,0.00013428972401116545,6.413772418448989e-07,0.00013493110125301034
tta_bn,perf_0_3_plus_4_on_zigzag,"client_0,client_3",2,client_4,zigzag,50,50,0.89,0.9,0.010000000000000009,0.00012323935755005256,0.0036759339674732145,0.0037991733250232673
tta_bn,perf_1_3_plus_4_on_zigzag,"client_1,client_3",2,client_4,zigzag,50,50,0.9,0.91,0.010000000000000009,0.00013428972401116545,0.002755610163221811,0.0028898998872329764
tta_memo,perf_1_plus_0_on_brightness,client_1,1,client_0,brightness,50,50,0.66,0.67,0.010000000000000009,4.565767433438727e-05,0.00031429709012479885,0.0003599547644591861
tta_memo,perf_1_4_plus_0_on_brightness,"client_1,client_4",2,client_0,brightness,50,50,0.66,0.68,0.020000000000000018,0.00015027781549454967,0.00040222997593748007,0.0005525077914320298
tta_memo,perf_2_4_plus_0_on_brightness,"client_2,client_4",2,client_0,brightness,50,50,0.64,0.66,0.020000000000000018,0.00012561809092535557,0.0004325805528589596,0.0005581986437843151
tta_memo,perf_3_4_plus_0_on_brightness,"client_3,client_4",2,client_0,brightness,50,50,0.62,0.63,0.010000000000000009,0.00013679495730459213,0.00044626492660870923,0.0005830598839133014
tta_memo,perf_2_3_4_plus_0_on_brightness,"client_2,client_3,client_4",3,client_0,brightness,50,50,0.62,0.63,0.010000000000000009,0.00021887034128255622,0.00047356081892206735,0.0006924311602046235
tta_memo,perf_1_2_plus_0_on_glass_blur,"client_1,client_2",2,client_0,glass_blur,50,50,0.91,0.93,0.020000000000000018,0.00013226792517792487,0.006756237508477036,0.0068885054336549605
tta_memo,perf_1_plus_0_on_stripe,client_1,1,client_0,stripe,50,50,0.92,0.94,0.019999999999999907,4.558732224397369e-05,2.0315312403207183e-05,6.590263464718087e-05
tta_memo,perf_3_plus_0_on_stripe,client_3,1,client_0,stripe,50,50,0.94,0.95,0.010000000000000009,2.9221918409372716e-05,3.819485929779002e-05,6.741677770716274e-05
tta_memo,perf_1_3_plus_0_on_stripe,"client_1,client_3",2,client_0,stripe,50,50,0.94,0.96,0.020000000000000018,0.00014386149368054584,3.176681494914928e-05,0.00017562830862969512
tta_memo,perf_1_plus_0_on_zigzag,client_1,1,client_0,zigzag,50,50,0.9,0.91,0.010000000000000009,4.56288568971015e-05,0.016874798016018735,0.016920426872915836
tta_memo,perf_2_3_plus_0_on_zigzag,"client_2,client_3",2,client_0,zigzag,50,50,0.9,0.91,0.010000000000000009,0.00011335786045385416,0.03255624439617171,0.03266960225662557
tta_memo,perf_0_4_plus_1_on_brightness,"client_0,client_4",2,client_1,brightness,50,50,0.66,0.67,0.010000000000000009,0.00018793876085877772,0.0004330368549268972,0.0006209756157856749
tta_memo,perf_0_plus_1_on_glass_blur,client_0,1,client_1,glass_blur,50,50,0.91,0.92,0.010000000000000009,4.55233323893341e-05,0.008557197598116024,0.008602720930505358
tta_memo,perf_4_plus_1_on_glass_blur,client_4,1,client_1,glass_blur,50,50,0.9,0.92,0.020000000000000018,4.5601323547554945e-05,0.0043493804305078905,0.004394981754055446
tta_memo,perf_0_2_plus_1_on_glass_blur,"client_0,client_2",2,client_1,glass_blur,50,50,0.91,0.92,0.010000000000000009,0.00014998964315405752,0.01159757478745099,0.011747564430605047
tta_memo,perf_0_4_plus_1_on_glass_blur,"client_0,client_4",2,client_1,glass_blur,50,50,0.91,0.93,0.020000000000000018,0.00018757837252911157,0.007589004565683128,0.0077765829382122394
tta_memo,perf_2_4_plus_1_on_glass_blur,"client_2,client_4",2,client_1,glass_blur,50,50,0.91,0.92,0.010000000000000009,0.0001578807976918465,0.00840566900905826,0.008563549806750106
tta_memo,perf_4_plus_1_on_stripe,client_4,1,client_1,stripe,50,50,0.91,0.92,0.010000000000000009,4.55291926395653e-05,2.1944092191964178e-05,6.747328483152948e-05
tta_memo,perf_0_4_plus_1_on_stripe,"client_0,client_4",2,client_1,stripe,50,50,0.92,0.93,0.010000000000000009,0.00018720618675477867,2.592215346809892e-05,0.00021312834022287758
tta_memo,perf_2_4_plus_1_on_stripe,"client_2,client_4",2,client_1,stripe,50,50,0.93,0.94,0.009999999999999898,0.00015776567018292538,3.789142038445205e-05,0.00019565709056737742
tta_memo,perf_0_4_plus_1_on_zigzag,"client_0,client_4",2,client_1,zigzag,50,50,0.91,0.92,0.010000000000000009,0.00018751398990853545,0.018787085641414222,0.018974599631322756
tta_memo,perf_1_plus_2_on_brightness,client_1,1,client_2,brightness,50,50,0.64,0.67,0.030000000000000027,2.3836380271188135e-05,0.00046775989451082386,0.000491596274782012
tta_memo,perf_4_plus_2_on_brightness,client_4,1,client_2,brightness,50,50,0.66,0.67,0.010000000000000009,1.7607225463119243e-05,0.00032563258498113364,0.0003432398104442529
tta_memo,perf_0_1_plus_2_on_brightness,"client_0,client_1",2,client_2,brightness,50,50,0.64,0.66,0.020000000000000018,7.654484701862252e-05,0.0004600782313644955,0.000536623078383118
tta_memo,perf_0_4_plus_2_on_brightness,"client_0,client_4",2,client_2,brightness,50,50,0.64,0.67,0.030000000000000027,6.904245530623716e-05,0.0003777896971169378,0.000446832152423175
tta_memo,perf_1_3_plus_2_on_brightness,"client_1,client_3",2,client_2,brightness,50,50,0.62,0.63,0.010000000000000009,7.343500895112689e-05,0.0005764815318617433,0.0006499165408128702
tta_memo,perf_1_4_plus_2_on_brightness,"client_1,client_4",2,client_2,brightness,50,50,0.66,0.68,0.020000000000000018,6.978886492162914e-05,0.00048089484768165815,0.0005506837126032873
tta_memo,perf_0_1_3_plus_2_on_brightness,"client_0,client_1,client_3",3,client_2,brightness,50,50,0.62,0.64,0.020000000000000018,0.00011818993449182194,0.000527980699413057,0.000646170633904879
tta_memo,perf_1_3_4_plus_2_on_brightness,"client_1,client_3,client_4",3,client_2,brightness,50,50,0.64,0.66,0.020000000000000018,0.00011238038889144593,0.0005379989587529078,0.0006503793476443538
tta_memo,perf_0_1_3_4_plus_2_on_brightness,"client_0,client_1,client_3,client_4",4,client_2,brightness,50,50,0.64,0.66,0.020000000000000018,0.00014560091892109903,0.0005098696868476485,0.0006554706057687475
tta_memo,perf_0_4_plus_2_on_glass_blur,"client_0,client_4",2,client_2,glass_blur,50,50,0.92,0.93,0.010000000000000009,6.898026172960863e-05,0.009765460746188847,0.009834441007918455
tta_memo,perf_1_3_plus_2_on_glass_blur,"client_1,client_3",2,client_2,glass_blur,50,50,0.93,0.94,0.009999999999999898,7.340497820829512e-05,0.014943274318517018,0.015016679296725313
tta_memo,perf_1_3_4_plus_2_on_glass_blur,"client_1,client_3,client_4",3,client_2,glass_blur,50,50,0.93,0.94,0.009999999999999898,0.00011228558991351233,0.012827504875595887,0.0129397904655094
tta_memo,perf_0_1_3_4_plus_2_on_glass_blur,"client_0,client_1,client_3,client_4",4,client_2,glass_blur,50,50,0.93,0.94,0.009999999999999898,0.00014549806682711265,0.014093146063294778,0.01423864413012189
tta_memo,perf_3_plus_2_on_stripe,client_3,1,client_2,stripe,50,50,0.93,0.95,0.019999999999999907,1.7210781431420913e-05,3.570105996020968e-05,5.291184139163059e-05
tta_memo,perf_1_3_plus_2_on_stripe,"client_1,client_3",2,client_2,stripe,50,50,0.94,0.96,0.020000000000000018,7.336816726621991e-05,3.31418962310455e-05,0.00010651006349726541
tta_memo,perf_1_plus_2_on_zigzag,client_1,1,client_2,zigzag,50,50,0.9,0.91,0.010000000000000009,2.383010687577672e-05,0.0321112410741588,0.03213507118103458
tta_memo,perf_0_4_plus_2_on_zigzag,"client_0,client_4",2,client_2,zigzag,50,50,0.9,0.91,0.010000000000000009,6.887016984081674e-05,0.02042193733017716,0.020490807500017978
tta_memo,perf_1_3_plus_2_on_zigzag,"client_1,client_3",2,client_2,zigzag,50,50,0.9,0.91,0.010000000000000009,7.340294851412876e-05,0.04469931280888231,0.04477271575739644
tta_memo,perf_1_4_plus_2_on_zigzag,"client_1,client_4",2,client_2,zigzag,50,50,0.9,0.91,0.010000000000000009,6.967010147793722e-05,0.03120495677772477,0.031274626879202704
tta_memo,perf_0_1_3_plus_2_on_zigzag,"client_0,client_1,client_3",3,client_2,zigzag,50,50,0.9,0.91,0.010000000000000009,0.00011807447050147773,0.04058712201297493,0.04070519648347641
tta_memo,perf_1_3_4_plus_2_on_zigzag,"client_1,client_3,client_4",3,client_2,zigzag,50,50,0.9,0.91,0.010000000000000009,0.00011222490022690311,0.03758063495419666,0.03769285985442356
tta_memo,perf_0_1_3_4_plus_2_on_zigzag,"client_0,client_1,client_3,client_4",4,client_2,zigzag,50,50,0.9,0.91,0.010000000000000009,0.00014536965443056276,0.03613038650572625,0.03627575616015682
tta_memo,perf_0_plus_3_on_brightness,client_0,1,client_3,brightness,50,50,0.6,0.62,0.020000000000000018,2.919236701483253e-05,0.0003451900094618985,0.000374382376476731
tta_memo,perf_1_plus_3_on_brightness,client_1,1,client_3,brightness,50,50,0.63,0.67,0.040000000000000036,3.588640898700848e-05,0.0003896256058898879,0.0004255120148768964
tta_memo,perf_2_plus_3_on_brightness,client_2,1,client_3,brightness,50,50,0.59,0.61,0.020000000000000018,1.722027077240278e-05,0.00041359572619650067,0.00043081599696890346
tta_memo,perf_4_plus_3_on_brightness,client_4,1,client_3,brightness,50,50,0.63,0.67,0.040000000000000036,2.6132810578683537e-05,0.0003784343830268442,0.00040456719360552776
tta_memo,perf_0_1_plus_3_on_brightness,"client_0,client_1",2,client_3,brightness,50,50,0.64,0.66,0.020000000000000018,0.00011736929067795628,0.00043084839245281114,0.0005482176831307674
tta_memo,perf_0_2_plus_3_on_brightness,"client_0,client_2",2,client_3,brightness,50,50,0.6,0.62,0.020000000000000018,9.600559928523469e-05,0.0004553688600220169,0.0005513744593072516
tta_memo,perf_0_4_plus_3_on_brightness,"client_0,client_4",2,client_3,brightness,50,50,0.62,0.67,0.050000000000000044,0.0001052056150741696,0.0004184373084729523,0.0005236429235471219
tta_memo,perf_1_2_plus_3_on_brightness,"client_1,client_2",2,client_3,brightness,50,50,0.62,0.64,0.020000000000000018,0.00010342737101785398,0.00045334213689689017,0.0005567695079147442
tta_memo,perf_1_4_plus_3_on_brightness,"client_1,client_4",2,client_3,brightness,50,50,0.66,0.68,0.020000000000000018,0.00011008326900318077,0.00047394061304413434,0.0005840238820473151
tta_memo,perf_2_4_plus_3_on_brightness,"client_2,client_4",2,client_3,brightness,50,50,0.63,0.66,0.030000000000000027,9.456996268643862e-05,0.0004925096697580842,0.0005870796324445229
tta_memo,perf_0_1_2_plus_3_on_brightness,"client_0,client_1,client_2",3,client_3,brightness,50,50,0.62,0.64,0.020000000000000018,0.00017592815433129362,0.00047064065130579275,0.0006465688056370864
tta_memo,perf_0_2_4_plus_3_on_brightness,"client_0,client_2,client_4",3,client_3,brightness,50,50,0.62,0.64,0.020000000000000018,0.00016715902180049124,0.0004835295484696617,0.0006506885702701529
tta_memo,perf_1_2_4_plus_3_on_brightness,"client_1,client_2,client_4",3,client_3,brightness,50,50,0.64,0.66,0.020000000000000018,0.00017207927562867798,0.0005033223757874075,0.0006754016514160855
tta_memo,perf_0_1_2_4_plus_3_on_brightness,"client_0,client_1,client_2,client_4",4,client_3,brightness,50,50,0.64,0.66,0.020000000000000018,0.00022633443428553735,0.0004953274528086614,0.0007216618870941987
tta_memo,perf_0_2_plus_3_on_stripe,"client_0,client_2",2,client_3,stripe,50,50,0.94,0.95,0.010000000000000009,9.586901211645263e-05,2.7078003582707628e-05,0.00012294701569916025
tta_memo,perf_2_4_plus_3_on_stripe,"client_2,client_4",2,client_3,stripe,50,50,0.93,0.94,0.009999999999999898,9.439247014078725e-05,2.7494127449765746e-05,0.000121886597590553
tta_memo,perf_0_1_2_plus_3_on_stripe,"client_0,client_1,client_2",3,client_3,stripe,50,50,0.94,0.95,0.010000000000000009,0.0001757656811460013,2.6398645552742078e-05,0.00020216432669874337
tta_memo,perf_0_2_4_plus_3_on_stripe,"client_0,client_2,client_4",3,client_3,stripe,50,50,0.94,0.95,0.010000000000000009,0.0001668042772970575,2.5950424553847075e-05,0.00019275470185090457
tta_memo,perf_0_1_2_4_plus_3_on_stripe,"client_0,client_1,client_2,client_4",4,client_3,stripe,50,50,0.94,0.95,0.010000000000000009,0.00022597670634165123,2.6000165872874265e-05,0.0002519768722145255
tta_memo,perf_0_4_plus_3_on_zigzag,"client_0,client_4",2,client_3,zigzag,50,50,0.89,0.92,0.030000000000000027,0.00010497362627681231,0.03074158161127215,0.030846555237548964
tta_memo,perf_1_4_plus_3_on_zigzag,"client_1,client_4",2,client_3,zigzag,50,50,0.9,0.91,0.010000000000000009,0.00010990381061388038,0.03750632153630188,0.03761622534691576
tta_memo,perf_0_1_2_plus_3_on_zigzag,"client_0,client_1,client_2",3,client_3,zigzag,50,50,0.9,0.91,0.010000000000000009,0.00017576719401322222,0.04197202525948966,0.042147792453502884
tta_memo,perf_0_1_2_4_plus_3_on_zigzag,"client_0,client_1,client_2,client_4",4,client_3,zigzag,50,50,0.9,0.91,0.010000000000000009,0.00022599437892844706,0.04525885050228703,0.04548484488121547
tta_memo,perf_1_2_plus_4_on_glass_blur,"client_1,client_2",2,client_4,glass_blur,50,50,0.91,0.93,0.020000000000000018,0.0001196251541032484,0.005994010991246016,0.006113636145349264
tta_memo,perf_0_2_3_plus_4_on_glass_blur,"client_0,client_2,client_3",3,client_4,glass_blur,50,50,0.93,0.94,0.009999999999999898,0.00018702919985555096,0.009556948402895352,0.009743977602750902
tta_memo,perf_0_1_2_3_plus_4_on_glass_blur,"client_0,client_1,client_2,client_3",4,client_4,glass_blur,50,50,0.93,0.94,0.009999999999999898,0.0002691386750898118,0.00951859189223852,0.009787730567328333
tta_memo,perf_1_plus_4_on_stripe,client_1,1,client_4,stripe,50,50,0.91,0.94,0.029999999999999916,4.5594801246403106e-05,3.2243952620008954e-05,7.783875386641205e-05
tta_memo,perf_3_plus_4_on_stripe,client_3,1,client_4,stripe,50,50,0.93,0.95,0.019999999999999907,2.6083935066640986e-05,6.196351222475974e-05,8.804744729140073e-05
tta_memo,perf_1_2_plus_4_on_stripe,"client_1,client_2",2,client_4,stripe,50,50,0.93,0.94,0.009999999999999898,0.0001196192183421875,4.023710043145896e-05,0.00015985631877364647
tta_memo,perf_1_3_plus_4_on_stripe,"client_1,client_3",2,client_4,stripe,50,50,0.94,0.96,0.020000000000000018,0.0001345341450194662,5.1277548491442956e-05,0.00018581169351090915
tta_memo,perf_0_3_plus_4_on_zigzag,"client_0,client_3",2,client_4,zigzag,50,50,0.89,0.9,0.010000000000000009,0.0001236526463012747,0.02669987565086378,0.026823528297165056
tta_memo,perf_1_3_plus_4_on_zigzag,"client_1,client_3",2,client_4,zigzag,50,50,0.9,0.91,0.010000000000000009,0.00013478851673532602,0.021876333480796487,0.022011121997531812
tta_memo,perf_0_1_2_3_plus_4_on_zigzag,"client_0,client_1,client_2,client_3",4,client_4,zigzag,50,50,0.9,0.91,0.010000000000000009,0.0002693073282514934,0.02345225794854616,0.02372156527679765
